institution_id,display_name,country_name,world_region,total
I100005738,Brigham Young University,United States,Americas,0.0
I4210131308,I.R.C.C.S. Oasi Maria SS,Italy,Europe,0.0
I4210126298,Duke Medical Center,United States,Americas,0.0
I4210125843,University Hospital Leipzig,Germany,Europe,0.0
I4210125796,University Children's Hospital Tübingen,Germany,Europe,0.0
I4210125647,"Istituto Nazionale di Fisica Nucleare, Sezione di Genova",Italy,Europe,0.0
I4210125099,Mayo Clinic in Arizona,United States,Americas,0.0
I4210124949,Microsoft Research (India),India,Asia,0.0
I4210124503,Fraunhofer Institute for Machine Tools and Forming Technology,Germany,Europe,0.0
I4210124474,Swanson Center,United States,Americas,0.0
I4210124175,Center for Astrophysics Harvard & Smithsonian,United States,Americas,0.0
I4210123185,Zhejiang Lab,China,Asia,0.0
I4210123171,Museum of Decorative Arts in Prague,Czechia,,0.0
I4210122954,MIT Lincoln Laboratory,United States,Americas,0.0
I4210122849,Philips (Netherlands),Netherlands,Europe,0.0
I4210122765,Kaiser-Franz-Josef-Spital,Austria,Europe,0.0
I4210122731,Digital Wave (United States),United States,Americas,0.0
I4210126360,Inria Saclay - Île de France,France,Europe,0.0
I4210126794,IBM Research (China),China,Asia,0.0
I4210126846,Information Technology Laboratory,United States,Americas,0.0
I4210127902,Leibniz Institute of Plant Genetics and Crop Plant Research,Germany,Europe,0.0
I4210130112,China Academy of Information and Communications Technology,China,Asia,0.0
I4210130048,Royal Victoria Hospital,United Kingdom,Europe,0.0
I4210129730,RIKEN Center for Computational Science,Japan,Asia,0.0
I4210129173,Defense Systems (United States),United States,Americas,0.0
I4210128818,Institute of Software,China,Asia,0.0
I4210128666,Institut Claudius Regaud,France,Europe,0.0
I4210127875,Nvidia (United States),United States,Americas,0.0
I4210127074,Zhongshan Hospital,China,Asia,0.0
I4210127843,First Automotive Works (China),China,Asia,0.0
I4210127646,Max Planck Institute for Gravitational Physics,Germany,Europe,0.0
I4210127401,Tisch Hospital,United States,Americas,0.0
I4210127322,Procomcure Biotech (Austria),Austria,Europe,0.0
I4210127226,Robert Bosch (Slovenia),Slovenia,Europe,0.0
I4210127166,Centre Inria de l'Université de Lorraine,France,Europe,0.0
I4210122684,Sony Computer Science Laboratories,Japan,Asia,0.0
I4210121988,Film Independent,United States,Americas,0.0
I4210121844,IBM (United Kingdom),United Kingdom,Europe,0.0
I4210115791,Center for Visual Communication (United States),United States,Americas,0.0
I4210116730,Universitätsmedizin Göttingen,Germany,Europe,0.0
I4210116376,SUNY Korea,"Korea, Republic of",,0.0
I4210116319,Maxon Motor (Switzerland),Switzerland,Europe,0.0
I4210116267,American School of Doha,Qatar,Asia,0.0
I4210116233,Kapsch (Czechia),Czechia,,0.0
I4210115859,"Behavioral Tech Research, Inc.",United States,Americas,0.0
I4210115485,Laboratoire d'Informatique pour la Mécanique et les Sciences de l'Ingénieur,France,Europe,0.0
I4210117453,Dana-Farber Cancer Institute,United States,Americas,0.0
I4210115111,University of Arts and Industrial Design Linz,Austria,Europe,0.0
I4210114521,Fluent (United States),United States,Americas,0.0
I4210114115,IBM Research - Thomas J. Watson Research Center,United States,Americas,0.0
I4210114081,Korea Kacoh (South Korea),"Korea, Republic of",,0.0
I4210114058,Max Planck Institute of Animal Behavior,Germany,Europe,0.0
I4210113654,IBM (Canada),Canada,Americas,0.0
I4210117238,National Influenza Center,Mongolia,Asia,0.0
I4210117871,"Systems, Applications & Products in Data Processing (Canada)",Canada,Americas,0.0
I4210121838,Laboratoire Lorrain de Recherche en Informatique et ses Applications,France,Europe,0.0
I4210119712,Max Planck Institute for Mathematics,Germany,Europe,0.0
I4210121626,Signal Processing (United States),United States,Americas,0.0
I4210121445,Institute for Development and Economic Analysis,Indonesia,Asia,0.0
I4210121405,Centre for Artificial Intelligence and Robotics,India,Asia,0.0
I4210120900,Stanford Synchrotron Radiation Lightsource,United States,Americas,0.0
I4210120727,Ecole Nationale du Génie de l'Eau et de l'Environnement de Strasbourg (ENGEES),France,Europe,0.0
I4210120115,Robert Bosch (United States),United States,Americas,0.0
I4210119669,Boehringer Ingelheim (Austria),Austria,Europe,0.0
I4210118379,Aptima (United States),United States,Americas,0.0
I4210119362,Hahn-Schickard-Gesellschaft für angewandte Forschung,Germany,Europe,0.0
I4210119257,University of Information Technology and Communications,Iraq,Asia,0.0
I4210119109,Indiana University Bloomington,United States,Americas,0.0
I4210119061,Institut de Recherche en Informatique de Toulouse,France,Europe,0.0
I4210118689,Joint Research Centre,Italy,Europe,0.0
I4210118524,Université Bourgogne Franche-Comté,France,Europe,0.0
I4210131230,Philips (United States),United States,Americas,0.0
I4210131712,Oklahoma State University Oklahoma City,United States,Americas,0.0
I3045169105,Southern University of Science and Technology,China,Asia,0.0
I4210131883,Brazilian Society of Computational and Applied Mathematics,Brazil,Americas,0.0
I4210143490,Computing Center,Russian Federation,Europe,0.0
I4210143137,University of Louisville Hospital,United States,Americas,0.0
I4210142721,Hospital Universitário da Universidade de São Paulo,Brazil,Americas,0.0
I4210142429,Women's Health Research Institute,Canada,Americas,0.0
I4210142372,Human Media,United States,Americas,0.0
I4210142254,Laboratoire Bordelais de Recherche en Informatique,France,Europe,0.0
I4210142140,Walt Disney (United States),United States,Americas,0.0
I4210141702,University of Gävle,Sweden,Europe,0.0
I4210141421,Ministère de l'Économie et des Finances,France,Europe,0.0
I4210141311,Staats- und Universitätsbibliothek Bremen,Germany,Europe,0.0
I4210141255,Care Resource,United States,Americas,0.0
I4210141176,Communication University of Zhejiang,China,Asia,0.0
I4210141030,SickKids Foundation,Canada,Americas,0.0
I4210140408,Minneapolis VA Medical Center,United States,Americas,0.0
I4210139483,GREYC,France,Europe,0.0
I4210143601,Decision Systems (United States),United States,Americas,0.0
I4210143841,Saudi Aramco (Saudi Arabia),Saudi Arabia,Asia,0.0
I4210144062,Consorzio Roma Ricerche,Italy,Europe,0.0
I4210146756,Brandenburg University of Applied Sciences,Germany,Europe,0.0
I4210150358,Institut Systèmes Intelligents et de Robotique,France,Europe,0.0
I4210150252,Park-Klinik Birkenwerder,Germany,Europe,0.0
I4210150121,Univé (Netherlands),Netherlands,Europe,0.0
I4210150103,Geophysical Laboratory,United States,Americas,0.0
I4210150049,CEA LETI,France,Europe,0.0
I4210147894,Institut de Recherche et d’Innovation,France,Europe,0.0
I4210146710,Mayo Clinic in Florida,United States,Americas,0.0
I4210144576,Fraunhofer Institute for Intelligent Analysis and Information Systems,Germany,Europe,0.0
I4210145865,IBM Research - Tokyo,Japan,Asia,0.0
I4210145761,Shenzhen Institutes of Advanced Technology,China,Asia,0.0
I4210145671,Advanced Imaging Research (United States),United States,Americas,0.0
I4210145387,Al Sulaiteen Agricultural & Industrial Complex (Qatar),Qatar,Asia,0.0
I4210144839,Hamad bin Khalifa University,Qatar,Asia,0.0
I4210144804,Laboratoire de Recherche en Informatique,France,Europe,0.0
I4210139350,Fraunhofer Institute for Factory Operation and Automation,Germany,Europe,0.0
I4210138551,University Hospital Magdeburg,Germany,Europe,0.0
I4210138427,Computational Physics (United States),United States,Americas,0.0
I4210133934,Bernstein Center for Computational Neuroscience Tübingen,Germany,Europe,0.0
I4210135298,Jensen Hughes (United States),United States,Americas,0.0
I4210135252,University of Minnesota Medical Center,United States,Americas,0.0
I4210135180,Filmuniversität Babelsberg KONRAD WOLF,Germany,Europe,0.0
I4210134512,GE Global Research (United States),United States,Americas,0.0
I4210134504,Universidad Católica San Pablo,Peru,Americas,0.0
I4210134051,ITS (United Kingdom),United Kingdom,Europe,0.0
I4210133369,Decision Sciences (United States),United States,Americas,0.0
I4210135439,RMIT Europe,Spain,Europe,0.0
I4210133362,Institut National de Physique Nucléaire et de Physique des Particules,France,Europe,0.0
I4210133271,Imagination Technologies (United Kingdom),United Kingdom,Europe,0.0
I4210133173,Research!America (United States),United States,Americas,0.0
I4210133125,Mitsubishi Electric (Japan),Japan,Asia,0.0
I4210132870,Xerox (United States),United States,Americas,0.0
I4210131986,Centro Universitario de Tecnología y Arte Digital,Spain,Europe,0.0
I4210135397,Zentrum für Foren in der Grafischen Datenverarbeitung,Germany,Europe,0.0
I4210135640,Laboratoire de Biométrie et Biologie Evolutive,France,Europe,0.0
I4210138378,Dominion (United States),United States,Americas,0.0
I4210137298,Avaya (United States),United States,Americas,0.0
I4210138311,Lawrence Livermore National Security,United States,Americas,0.0
I4210138199,University of Washington Applied Physics Laboratory,United States,Americas,0.0
I4210138167,PowerWorld (United States),United States,Americas,0.0
I4210137873,Fraunhofer Institute for Digital Medicine,Germany,Europe,0.0
I4210137693,Siemens (United States),United States,Americas,0.0
I4210137306,Stanford Medicine,United States,Americas,0.0
I4210137046,Inte:Ligand (Austria),Austria,Europe,0.0
I4210135670,Amsterdam University of the Arts,Netherlands,Europe,0.0
I4210137033,Istituto di Matematica Applicata e Tecnologie Informatiche,Italy,Europe,0.0
I4210136987,St. Anne's University Hospital Brno,Czechia,,0.0
I4210136697,Sint Maartenskliniek,Netherlands,Europe,0.0
I4210136471,FC Barcelona,Spain,Europe,0.0
I4210136249,University of Applied Sciences Upper Austria,Austria,Europe,0.0
I4210135837,National Center for Supercomputing Applications,United States,Americas,0.0
I4210113652,Sectra (Sweden),Sweden,Europe,0.0
I4210113495,Children's Hospital of Zhejiang University,China,Asia,0.0
I4210113369,Microsoft Research Asia (China),China,Asia,0.0
I4210113003,Physical Sciences (United States),United States,Americas,0.0
I4210086933,NYU Langone Health,United States,Americas,0.0
I4210085935,IBM Research - Almaden,United States,Americas,0.0
I41833579,Roanoke College,United States,Americas,0.0
I4179309,Park University,United States,Americas,0.0
I4092182,Graz University of Technology,Austria,Europe,0.0
I40347166,University of Chicago,United States,Americas,0.0
I40120149,University of Oxford,United Kingdom,Europe,0.0
I39854758,Auckland University of Technology,New Zealand,Oceania,0.0
I39804081,Sorbonne Université,France,Europe,0.0
I39705031,Catholic University of Daegu,"Korea, Republic of",,0.0
I39586589,Swansea University,United Kingdom,Europe,0.0
I39555362,University of Warwick,United Kingdom,Europe,0.0
I39470171,University of Ontario Institute of Technology,Canada,Americas,0.0
I39422238,University of Illinois Chicago,United States,Americas,0.0
I39343248,Humboldt-Universität zu Berlin,Germany,Europe,0.0
I4210087032,Cambridge Scientific (United States),United States,Americas,0.0
I4210087747,Creative Technologies (United States),United States,Americas,0.0
I4210087915,Massachusetts General Hospital,United States,Americas,0.0
I4210089980,Research Organization for Information Science and Technology,Japan,Asia,0.0
I4210091327,Max Planck Institute for Mathematics in the Sciences,Germany,Europe,0.0
I4210091159,Indiana State Department of Health,United States,Americas,0.0
I4210091137,NetEase (China),China,Asia,0.0
I4210090857,Schlumberger (United States),United States,Americas,0.0
I4210090737,Advanced Mechanical Technology (United States),United States,Americas,0.0
I4210090485,Crystal Research (United States),United States,Americas,0.0
I4210089612,United States Air Force,United States,Americas,0.0
I4210088322,Centre de Gestion Scientifique,France,Europe,0.0
I4210089608,Natural History Museum of Bern,Switzerland,Europe,0.0
I4210088792,United States Army,United States,Americas,0.0
I4210088715,FH Campus Wien,Austria,Europe,0.0
I4210088621,Know Center Research GmbH (Austria),Austria,Europe,0.0
I4210088595,Technology Applications (United States),United States,Americas,0.0
I4210088341,University of Finance and Economics,Mongolia,Asia,0.0
I392282,"University at Albany, State University of New York",United States,Americas,0.0
I38877650,Zhengzhou University,China,Asia,0.0
I368840534,University of Mississippi,United States,Americas,0.0
I3132238960,Institute of Electrical and Electronics Engineers,United States,Americas,0.0
I32394136,Northumbria University,United Kingdom,Europe,0.0
I32389192,University of Alabama at Birmingham,United States,Americas,0.0
I31746571,UNSW Sydney,Australia,Oceania,0.0
I31683504,Beijing Forestry University,China,Asia,0.0
I31512782,Technical University of Darmstadt,Germany,Europe,0.0
I3143791293,Institute for Christian Studies,Canada,Americas,0.0
I3131873961,Hadassah Academic College,Israel,Asia,0.0
I32625721,University of Saskatchewan,Canada,Americas,0.0
I3131550300,Université Toulouse-I-Capitole,France,Europe,0.0
I3131446353,Andrássy University Budapest,Hungary,Europe,0.0
I3130638677,Edinburgh College,United Kingdom,Europe,0.0
I3129593085,Chengdu Sport University,China,Asia,0.0
I3129407955,Institute for High Energy Physics,Russian Federation,Europe,0.0
I308837,Suzhou University of Science and Technology,China,Asia,0.0
I32597200,Ghent University,Belgium,Europe,0.0
I32943570,Helsinki Institute for Information Technology,Finland,Europe,0.0
I36819085,Northwest University,United States,Americas,0.0
I35440088,ETH Zurich,Switzerland,Europe,0.0
I36788626,California University of Pennsylvania,United States,Americas,0.0
I36672615,Courant Institute of Mathematical Sciences,United States,Americas,0.0
I36522303,Universität Greifswald,Germany,Europe,0.0
I36258959,"University of California, San Diego",United States,Americas,0.0
I36253440,IEEE Computer Society,United States,Americas,0.0
I36234482,University of Bristol,United Kingdom,Europe,0.0
I35364215,Naval Postgraduate School,United States,Americas,0.0
I32971472,Yale University,United States,Americas,0.0
I34809795,Medizinische Hochschule Hannover,Germany,Europe,0.0
I34077533,Ohio Supercomputer Center,United States,Americas,0.0
I33976269,Xerox (France),France,Europe,0.0
I33434090,University of Massachusetts Boston,United States,Americas,0.0
I33256026,German Research Centre for Artificial Intelligence,Germany,Europe,0.0
I33213144,University of Florida,United States,Americas,0.0
I4210091341,Novartis (China),China,Asia,0.0
I4210091437,Sorbonne Paris Cité,France,Europe,0.0
I4210091615,Saint Vincent's Catholic Medical Center,United States,Americas,0.0
I4210104684,VetAgro Sup,France,Europe,0.0
I4210106297,MacroGenics (United States),United States,Americas,0.0
I4210106122,Southern Marine Science and Engineering Guangdong Laboratory (Guangzhou),China,Asia,0.0
I4210105990,Institute of Geodesy and Geophysics,China,Asia,0.0
I4210105663,Deutsches Herzzentrum der Charité,Germany,Europe,0.0
I4210104972,Norrköping Visualisering (Sweden),Sweden,Europe,0.0
I4210104735,Sandia National Laboratories,United States,Americas,0.0
I4210104475,Momentive (Japan),Japan,Asia,0.0
I4210107053,Core Competence,United States,Americas,0.0
I4210104311,Institute of Scientific and Technical Information of China,China,Asia,0.0
I4210103986,Jingdong (China),China,Asia,0.0
I4210103820,Autodesk (Canada),Canada,Americas,0.0
I4210102957,Département Mathématiques et Informatique Appliquées,France,Europe,0.0
I4210102939,IAP Research (United States),United States,Americas,0.0
I4210102902,Sheffield Teaching Hospitals NHS Foundation Trust,United Kingdom,Europe,0.0
I4210106889,Science Communication Institute,United States,Americas,0.0
I4210107558,Consorzio Pisa Ricerche,Italy,Europe,0.0
I4210102302,University Hospital Brno,Czechia,,0.0
I4210110987,IIT@MIT,United States,Americas,0.0
I4210112998,Vetenskap I Skolan,Sweden,Europe,0.0
I4210112925,Max Planck Institute for Biological Cybernetics,Germany,Europe,0.0
I4210112527,Luxembourg Institute of Science and Technology,Luxembourg,Europe,0.0
I4210112067,IBM (France),France,Europe,0.0
I4210111842,Computer Research Institute of Montréal,Canada,Americas,0.0
I4210111179,Michigan United,United States,Americas,0.0
I4210110975,"Reference Center for Research, Development and Innovation in ATM",Spain,Europe,0.0
I4210108629,Computer Network Information Center,China,Asia,0.0
I4210110792,Centre de Recherche en Automatique de Nancy,France,Europe,0.0
I4210109712,Max Planck Institute for Informatics,Germany,Europe,0.0
I4210109586,Moscow Institute of Thermal Technology,Russian Federation,Europe,0.0
I4210109156,Max Planck Institute for Astronomy,Germany,Europe,0.0
I4210108985,Bellevue Hospital Center,United States,Americas,0.0
I4210108711,University Medical Center Hamburg-Eppendorf,Germany,Europe,0.0
I4210102542,Heliotrope Technologies (United States),United States,Americas,0.0
I4210101778,Samsung (United States),United States,Americas,0.0
I4210091772,Max Planck Institute for Extraterrestrial Physics,Germany,Europe,0.0
I4210094759,Fujitsu (United States),United States,Americas,0.0
I4210096500,Institute of Atmospheric Sciences and Climate,Italy,Europe,0.0
I4210096112,Rutgers Sexual and Reproductive Health and Rights,Netherlands,Europe,0.0
I4210095732,Visteon (United States),United States,Americas,0.0
I4210095624,Alibaba Group (United States),United States,Americas,0.0
I4210095128,Center for Massive Data Algorithmics,Denmark,Europe,0.0
I4210094970,Energy Research Institute,China,Asia,0.0
I4210094059,Kavli Institute for Particle Astrophysics and Cosmology,United States,Americas,0.0
I4210097295,Vital Research,United States,Americas,0.0
I4210093996,Dolby (United States),United States,Americas,0.0
I4210093282,Institut de Robòtica i Informàtica Industrial,Spain,Europe,0.0
I4210092658,Harvard–MIT Division of Health Sciences and Technology,United States,Americas,0.0
I4210092639,Boeing (Spain),Spain,Europe,0.0
I4210092357,Institute of Mathematics and Computer Science,"Moldova, Republic of",,0.0
I4210091929,Konkuk University Medical Center,"Korea, Republic of",,0.0
I4210097138,CEA Paris-Saclay - Etablissement de Fontenay-aux-roses,France,Europe,0.0
I4210098034,Key Laboratory of Guangdong Province,China,Asia,0.0
I4210101743,"Laboratoire d'Informatique, de Robotique et de Microélectronique de Montpellier",France,Europe,0.0
I4210100283,"Laboratoire des Sciences de l'Ingénieur, de l'Informatique et de l'Imagerie",France,Europe,0.0
I4210101598,Slovak Hydrometeorological Institute,Slovakia,Europe,0.0
I4210101455,CEA DAM Île-de-France,France,Europe,0.0
I4210101327,Twin Cities Orthopedics,United States,Americas,0.0
I4210100869,Universitätsklinikum Tulln,Austria,Europe,0.0
I4210100430,Google (Switzerland),Switzerland,Europe,0.0
I4210100400,Northwestern University,Philippines,Asia,0.0
I4210099988,Telefonica (Germany),Germany,Europe,0.0
I4210098141,Nokia (United Kingdom),United Kingdom,Europe,0.0
I4210099974,Intelligent Light (United States),United States,Americas,0.0
I4210099593,Computer Algorithms for Medicine,Austria,Europe,0.0
I4210099236,Kootenay Association for Science & Technology,Canada,Americas,0.0
I4210098931,Quantitative BioSciences,United States,Americas,0.0
I4210098902,Laboratoire de Chimie Théorique,France,Europe,0.0
I4210098606,Austrian Foundry Research Institute,Austria,Europe,0.0
I4210150884,Fondation Sophia Antipolis,France,Europe,0.0
I4210151080,Hochschule Magdeburg-Stendal,Germany,Europe,0.0
I4210151352,Biocom,United States,Americas,0.0
I59553526,Stony Brook University,United States,Americas,0.0
I76571253,Imam Abdulrahman Bin Faisal University,Saudi Arabia,Asia,0.0
I76569877,Southeast University,China,Asia,0.0
I76198965,Friedrich Schiller University Jena,Germany,Europe,0.0
I76134821,Medical University of Vienna,Austria,Europe,0.0
I76130692,Zhejiang University,China,Asia,0.0
I75059550,Zhejiang Gongshang University,China,Asia,0.0
I75027704,University of Tennessee at Knoxville,United States,Americas,0.0
I74973139,Carnegie Mellon University,United States,Americas,0.0
I74801974,The University of Tokyo,Japan,Asia,0.0
I74788687,Comenius University Bratislava,Slovakia,Europe,0.0
I74786994,Kitware (United States),United States,Americas,0.0
I74775410,Rice University,United States,Americas,0.0
I74760111,Texas Instruments (United States),United States,Americas,0.0
I74753095,Ontario College of Art and Design,Canada,Americas,0.0
I74656192,University of Göttingen,Germany,Europe,0.0
I76835614,University of Missouri,United States,Americas,0.0
I78577930,Columbia University,United States,Americas,0.0
I78650965,TU Dresden,Germany,Europe,0.0
I8087733,University of Tübingen,Germany,Europe,0.0
I83019370,Eindhoven University of Technology,Netherlands,Europe,0.0
I82514191,Honeywell (United States),United States,Americas,0.0
I82495205,University of Alabama in Huntsville,United States,Americas,0.0
I8204097,Ludwig-Maximilians-Universität München,Germany,Europe,0.0
I81365321,Old Dominion University,United States,Americas,0.0
I81020160,Louisiana State University Health Sciences Center Shreveport,United States,Americas,0.0
I8078737,Clemson University,United States,Americas,0.0
I7882870,University of Glasgow,United Kingdom,Europe,0.0
I80605987,NOAA Earth System Research Laboratory,United States,Americas,0.0
I80143920,Shandong University of Science and Technology,China,Asia,0.0
I79891267,Singapore Management University,Singapore,Asia,0.0
I79576946,University of Pennsylvania,United States,Americas,0.0
I79510175,Cardiff University,United Kingdom,Europe,0.0
I79272384,"University of Maryland, Baltimore County",United States,Americas,0.0
I72951846,Washington State University,United States,Americas,0.0
I72816309,Drexel University,United States,Americas,0.0
I72090969,Nokia (United States),United States,Americas,0.0
I62916508,Technical University of Munich,Germany,Europe,0.0
I66906201,University of Yamanashi,Japan,Asia,0.0
I66867065,East China Normal University,China,Asia,0.0
I66862912,Chalmers University of Technology,Sweden,Europe,0.0
I65837984,Kobe University,Japan,Asia,0.0
I63966007,Massachusetts Institute of Technology,United States,Americas,0.0
I63533367,General Atomics (United States),United States,Americas,0.0
I62318514,University of Duisburg-Essen,Germany,Europe,0.0
I66946132,"University of Maryland, College Park",United States,Americas,0.0
I61937129,Jackson State University,United States,Americas,0.0
I61057504,Fujian Agriculture and Forestry University,China,Asia,0.0
I60922564,Naver (South Korea),"Korea, Republic of",,0.0
I6059380,University of Baltimore,United States,Americas,0.0
I60488453,Middlesex University,United Kingdom,Europe,0.0
I60200437,Potsdam Institute for Climate Impact Research,Germany,Europe,0.0
I66943878,De Montfort University,United Kingdom,Europe,0.0
I67031392,Carleton University,Canada,Americas,0.0
I71966907,University of Northern Colorado,United States,Americas,0.0
I69722833,MAYA Design (United States),United States,Americas,0.0
I71920554,King Abdullah University of Science and Technology,Saudi Arabia,Asia,0.0
I71838634,San Francisco State University,United States,Americas,0.0
I71824836,Swiss Federal Laboratories for Materials Science and Technology,Switzerland,Europe,0.0
I71270174,Victoria University,Australia,Oceania,0.0
I70983195,Syracuse University,United States,Americas,0.0
I70768539,École Nationale Supérieure des Mines de Paris,France,Europe,0.0
I69356397,Xi’an Jiaotong-Liverpool University,China,Asia,0.0
I67311998,European Organization for Nuclear Research,Switzerland,Europe,0.0
I69048370,Renaissance Computing Institute,United States,Americas,0.0
I68956291,Martin Luther University Halle-Wittenberg,Germany,Europe,0.0
I68947357,Université de Strasbourg,France,Europe,0.0
I68891433,Indian Institute of Technology Delhi,India,Asia,0.0
I67900169,Chung-Ang University,"Korea, Republic of",,0.0
I67415387,Lancaster University,United Kingdom,Europe,0.0
I83436808,Hankuk University of Foreign Studies,"Korea, Republic of",,0.0
I83816512,University of Genoa,Italy,Europe,0.0
I84218800,"University of California, Davis",United States,Americas,0.0
I92528248,Qatar Foundation,Qatar,Asia,0.0
I94509681,Technische Universität Braunschweig,Germany,Europe,0.0
I94328231,University of Rio Grande and Rio Grande Community College,United States,Americas,0.0
I94234084,Indian Institute of Technology Kanpur,India,Asia,0.0
I93860229,Politecnico di Milano,Italy,Europe,0.0
I93085520,Silicon Labs (United States),United States,Americas,0.0
I926574661,Leipzig University,Germany,Europe,0.0
I92446798,Colorado State University,United States,Americas,0.0
I94626330,University of Bamberg,Germany,Europe,0.0
I921990950,University of Colorado Denver,United States,Americas,0.0
I91807558,National Cheng Kung University,"Taiwan, Province of China",,0.0
I91712215,Saarland University,Germany,Europe,0.0
I9146737,University of South Carolina Lancaster,United States,Americas,0.0
I91203450,University of Haifa,Israel,Asia,0.0
I91136226,University of Sheffield,United Kingdom,Europe,0.0
I94624287,University of Twente,Netherlands,Europe,0.0
I94722563,University of Jyväskylä,Finland,Europe,0.0
I90965887,SUNY Polytechnic Institute,United States,Americas,0.0
I98251732,McMaster University,Canada,Americas,0.0
I99065089,Tsinghua University,China,Asia,0.0
I99043593,Macquarie University,Australia,Oceania,0.0
I99041443,Mississippi State University,United States,Americas,0.0
I98677209,University of Edinburgh,United Kingdom,Europe,0.0
I98381234,University of Oulu,Finland,Europe,0.0
I98358874,Delft University of Technology,Netherlands,Europe,0.0
I97750245,Software (Spain),Spain,Europe,0.0
I95457486,"University of California, Berkeley",United States,Americas,0.0
I97429440,University of Wales,United Kingdom,Europe,0.0
I9736820,École de Technologie Supérieure,Canada,Americas,0.0
I97018004,Stanford University,United States,Americas,0.0
I9617848,Universitat Politècnica de Catalunya,Spain,Europe,0.0
I95793202,Otto-von-Guericke University Magdeburg,Germany,Europe,0.0
I95674353,UCLouvain,Belgium,Europe,0.0
I91045830,Texas A&M University,United States,Americas,0.0
I90727586,Zhejiang University of Finance and Economics,China,Asia,0.0
I84392919,Temple University,United States,Americas,0.0
I86501945,University of Delaware,United States,Americas,0.0
I87097829,University of North Carolina at Asheville,United States,Americas,0.0
I86987016,KTH Royal Institute of Technology,Sweden,Europe,0.0
I8692664,University of Oklahoma,United States,Americas,0.0
I86755215,MedStar Health,United States,Americas,0.0
I865915315,Vrije Universiteit Amsterdam,Netherlands,Europe,0.0
I86519309,The University of Texas at Austin,United States,Americas,0.0
I861853513,Sapienza University of Rome,Italy,Europe,0.0
I87216513,Michigan State University,United States,Americas,0.0
I86122600,Numerical Algorithms Group (United Kingdom),United Kingdom,Europe,0.0
I859038795,Virginia Tech,United States,Americas,0.0
I85384741,Heidelberg University,United States,Americas,0.0
I84884186,Newcastle University,United Kingdom,Europe,0.0
I848706,Sungkyunkwan University,"Korea, Republic of",,0.0
I84653119,Academia Sinica,"Taiwan, Province of China",,0.0
I87182695,Universidad del Noreste,Mexico,Americas,0.0
I87303767,U.S. Army Engineer Research and Development Center,United States,Americas,0.0
I90183372,Université de Lorraine,France,Europe,0.0
I889458895,University of Hong Kong,Hong Kong,Asia,0.0
I901403493,NuVasive (United States),United States,Americas,0.0
I901242617,Zimmer Biomet (Switzerland),Switzerland,Europe,0.0
I899635006,Université Grenoble Alpes,France,Europe,0.0
I89864525,Universität Trier,Germany,Europe,0.0
I897549280,Hologic (Germany),Germany,Europe,0.0
I889804353,Robert Bosch (Germany),Germany,Europe,0.0
I888729015,University of Colorado Colorado Springs,United States,Americas,0.0
I87354575,National Chengchi University,"Taiwan, Province of China",,0.0
I887968799,RWTH Aachen University,Germany,Europe,0.0
I88773910,Intuit (United States),United States,Americas,0.0
I887064364,University of Amsterdam,Netherlands,Europe,0.0
I88101031,Immersion (United States),United States,Americas,0.0
I880747138,Science Applications International Corporation (United States),United States,Americas,0.0
I87445476,Xi'an Jiaotong University,China,Asia,0.0
I59857034,John Cabot University,Italy,Europe,0.0
I59433898,Brunel University of London,United Kingdom,Europe,0.0
I4210151375,Applied Visions (United States),United States,Americas,0.0
I59270414,Indian Institute of Science Bangalore,India,Asia,0.0
I4210163870,United States Army Research Office,United States,Americas,0.0
I4210163771,Tableau Software (United States),United States,Americas,0.0
I4210163586,Musée de l'Homme,France,Europe,0.0
I4210163460,Midwest Orthopaedic Research Foundation,United States,Americas,0.0
I4210163178,Alfred Health,Australia,Oceania,0.0
I4210162505,Philips (Germany),Germany,Europe,0.0
I4210162323,TKL Research,United States,Americas,0.0
I4210162195,Rhythm (United states),United States,Americas,0.0
I4210161853,Budapest Institute,Hungary,Europe,0.0
I4210161785,First Technical University,Nigeria,Africa,0.0
I4210161634,Microsoft (France),France,Europe,0.0
I4210161630,Wavefront Research (United States),United States,Americas,0.0
I4210160939,Oculus Innovative Sciences (United States),United States,Americas,0.0
I4210160618,Huawei Technologies (United Kingdom),United Kingdom,Europe,0.0
I4210160608,Asklepios,Germany,Europe,0.0
I4210164234,Microcom (United States),United States,Americas,0.0
I4210164339,Oldham Council,United Kingdom,Europe,0.0
I4210164736,Cajal Neuroscience (United States),United States,Americas,0.0
I4210167018,Interaction Design (United Kingdom),United Kingdom,Europe,0.0
I43522216,"California State University, Sacramento",United States,Americas,0.0
I43439940,University of Southampton,United Kingdom,Europe,0.0
I42894916,Data61,Australia,Oceania,0.0
I4210167330,Biographics (United States),United States,Americas,0.0
I4210167297,IBM Research - Haifa,Israel,Asia,0.0
I4210167249,Network Technologies (United States),United States,Americas,0.0
I4210166784,École Nationale Supérieure des Arts Décoratifs,France,Europe,0.0
I4210164937,Microsoft Research (United Kingdom),United Kingdom,Europe,0.0
I4210166048,Gesellschaft Fur Mathematik Und Datenverarbeitung,Germany,Europe,0.0
I4210165912,Laboratoire Traitement et Communication de l’Information,France,Europe,0.0
I4210165734,National Supercomputing Center of Tianjin,China,Asia,0.0
I4210165038,University of Chinese Academy of Sciences,China,Asia,0.0
I4210165024,Institute of Infection and Immunity,Canada,Americas,0.0
I4210164942,Allen Institute for Cell Science,United States,Americas,0.0
I4210160527,University of California Davis Medical Center,United States,Americas,0.0
I4210160447,Universidad de Londres,Mexico,Americas,0.0
I4210160384,Institute of Biomedical Science,United Kingdom,Europe,0.0
I4210153148,CFD Research Corporation (United States),United States,Americas,0.0
I4210155092,"Czech Academy of Sciences, Institute of Computer Science",Czechia,,0.0
I4210154378,Informa (United Kingdom),United Kingdom,Europe,0.0
I4210153902,Siemens Healthcare (Germany),Germany,Europe,0.0
I4210153694,Rho (United States),United States,Americas,0.0
I4210153395,Agfa-Gevaert (Canada),Canada,Americas,0.0
I4210153212,Noah's Path,Spain,Europe,0.0
I4210153043,Duke University Hospital,United States,Americas,0.0
I4210155419,Center for Systems Biology,United States,Americas,0.0
I4210152878,Helmholtz Centre Potsdam - GFZ German Research Centre for Geosciences,Germany,Europe,0.0
I4210152422,Université Toulouse - Jean Jaurès,France,Europe,0.0
I4210152224,Heinz Nixdorf Stiftung,Germany,Europe,0.0
I4210151956,Robert Bosch (India),India,Asia,0.0
I4210151938,Eye Institute of Utah,United States,Americas,0.0
I4210151791,Genomics (United Kingdom),United Kingdom,Europe,0.0
I4210155236,National Research Council,Italy,Europe,0.0
I4210156081,Tech-X Corporation (United States),United States,Americas,0.0
I4210160189,Institut Polytechnique de Bordeaux,France,Europe,0.0
I4210158984,National Supercomputing Center in Wuxi,China,Asia,0.0
I4210159895,Imagination Computer Services (Austria),Austria,Europe,0.0
I4210159854,Max Planck Institute of Molecular Cell Biology and Genetics,Germany,Europe,0.0
I4210159731,Laboratoire de Recherche en Informatique de Paris 6,France,Europe,0.0
I4210159476,Science and Technology Corporation (United States),United States,Americas,0.0
I4210159266,Mitsubishi Electric (United States),United States,Americas,0.0
I4210159102,Huawei Technologies (Sweden),Sweden,Europe,0.0
I4210158876,Marinus Pharmaceuticals (United States),United States,Americas,0.0
I4210156221,Allen Institute for Artificial Intelligence,United States,Americas,0.0
I4210158342,Intel (United Kingdom),United Kingdom,Europe,0.0
I4210158283,Institute of Geography of the Slovak Academy of Sciences,Slovakia,Europe,0.0
I4210156936,IBM Research - Austin,United States,Americas,0.0
I4210156768,BMW Group (Germany),Germany,Europe,0.0
I4210156583,Laboratoire d'Informatique de Paris-Nord,France,Europe,0.0
I4210156517,Sandia Research (United States),United States,Americas,0.0
I43579087,University of Wisconsin–Milwaukee,United States,Americas,0.0
I4387152369,"Laboratoire en Innovation, Technologies, Economie et Management",,,0.0
I4387152675,Rheinland-Pfälzische Technische Universität Kaiserslautern-Landau,,,0.0
I5124864,École Polytechnique Fédérale de Lausanne,Switzerland,Europe,0.0
I52099693,University of York,United Kingdom,Europe,0.0
I51783024,Brandenburg University of Technology Cottbus-Senftenberg,Germany,Europe,0.0
I51556381,University of Virginia,United States,Americas,0.0
I51532219,University of Lincoln,United Kingdom,Europe,0.0
I51441396,Bauhaus-Universität Weimar,Germany,Europe,0.0
I51342185,Minneapolis College of Art and Design,United States,Americas,0.0
I50760025,Hangzhou Dianzi University,China,Asia,0.0
I52669646,Western Washington University,United States,Americas,0.0
I5023651,McGill University,Canada,Americas,0.0
I49324905,Equinor (Norway),Norway,Europe,0.0
I4923324,Fraunhofer Society,Germany,Europe,0.0
I48566637,Ulsan National Institute of Science and Technology,"Korea, Republic of",,0.0
I48071105,Anstalt für Verbrennungskraftmaschinen List,Austria,Europe,0.0
I47720641,Huazhong University of Science and Technology,China,Asia,0.0
I52357470,The Ohio State University,United States,Americas,0.0
I5343935,Guilin University of Electronic Technology,China,Asia,0.0
I47431100,Dassault Systèmes (France),France,Europe,0.0
I56858762,Universidad Nacional del Sur,Argentina,Americas,0.0
I592451,Indiana University,United States,Americas,0.0
I59105498,Swisscom (Switzerland),Switzerland,Europe,0.0
I58610484,Seattle University,United States,Americas,0.0
I57664883,Ajou University,"Korea, Republic of",,0.0
I57206974,New York University,United States,Americas,0.0
I57201433,Università della Svizzera italiana,Switzerland,Europe,0.0
I56590836,Monash University,Australia,Oceania,0.0
I53964585,Weizmann Institute of Science,Israel,Asia,0.0
I5593406,Universitat Ramon Llull,Spain,Europe,0.0
I55769427,Indiana University – Purdue University Indianapolis,United States,Americas,0.0
I55732556,Arizona State University,United States,Americas,0.0
I55712492,Zhejiang University of Technology,China,Asia,0.0
I5561750,University of Bari Aldo Moro,Italy,Europe,0.0
I55538621,China Jiliang University,China,Asia,0.0
I47508984,Imperial College London,United Kingdom,Europe,0.0
I47301684,Illinois State University,United States,Americas,0.0
I4387153087,Mathématiques et Informatique Appliquées,,,0.0
I4389425429,U.S. Army Corp of Engineers Waterways Experiment Station,,,0.0
I4394709130,Indiana University School of Medicine,,,0.0
I4391767926,CSCS - Swiss National Supercomputing Centre,,,0.0
I4391767840,Texas A&M Engineering Experiment Station,,,0.0
I4390039371,Solutions Inc. (Japan),,,0.0
I4390039265,PRG S&Tech (South Korea),,,0.0
I4389425457,Institut des Sciences du Calcul et des Données,,,0.0
I4388891828,Texas Advanced Computing Center,,,0.0
I4399598381,Samsung Advanced Institute of Technology (South Korea),,,0.0
I4388482754,Naval Research Laboratory Laboratories for Computational Physics & Fluid Dynamics,,,0.0
I4388482740,Georgia Tech Research Institute,,,0.0
I4388446366,Indiana University Indianapolis,,,0.0
I4387154582,Centre Émile Durkheim,,,0.0
I4387153937,Universität Koblenz,,,0.0
I4387153702,Interdisciplinarité dans les Etudes Anglophones,,,0.0
I4399598377,Institute of Science and Technology,,,0.0
I4400600974,Novartis Institutes for BioMedical Research,,,0.0
I4665924,University of Rostock,Germany,Europe,0.0
I45129253,University College London,United Kingdom,Europe,0.0
I46247651,University of Manitoba,Canada,Americas,0.0
I46020346,American Institute of Aeronautics and Astronautics,United States,Americas,0.0
I45928872,Alibaba Group (China),China,Asia,0.0
I4577782,Technische Universität Berlin,Germany,Europe,0.0
I4576418,University of Technology Malaysia,Malaysia,Asia,0.0
I45438204,The University of Texas at San Antonio,United States,Americas,0.0
I44896327,Mitre (United States),United States,Americas,0.0
I4401726748,V.F. Corporation (United States),,,0.0
I44854399,University of Southern Mississippi,United States,Americas,0.0
I44504214,Czech Technical University in Prague,Czechia,,0.0
I44461941,University of Houston,United States,Americas,0.0
I4432739,University of Bergen,Norway,Europe,0.0
I44202434,Fundação Getulio Vargas,Brazil,Americas,0.0
I4401726859,Kuaishou (China),,,0.0
I30809798,ShanghaiTech University,China,Asia,0.0
I3019586173,National Jewish Health,United States,Americas,0.0
I100066346,University of Stuttgart,Germany,Europe,0.0
I138285227,Agilent Technologies (United States),United States,Americas,0.0
I1343180700,Intel (United States),United States,Americas,0.0
I1342911587,Oracle (United States),United States,Americas,0.0
I134235054,Sabancı Üniversitesi,Türkiye,,0.0
I1341640284,Centrum Wiskunde & Informatica,Netherlands,Europe,0.0
I134161618,National Taiwan Normal University,"Taiwan, Province of China",,0.0
I1341412227,IBM (United States),United States,Americas,0.0
I134113660,"University of Nevada, Reno",United States,Americas,0.0
I13402291,Joanneum Research,Austria,Europe,0.0
I133836048,Royal Veterinary College,United Kingdom,Europe,0.0
I1338135719,Centre for Addiction and Mental Health,Canada,Americas,0.0
I1338124936,American Museum of Natural History,United States,Americas,0.0
I133738476,University of Massachusetts Lowell,United States,Americas,0.0
I133731052,University of Helsinki,Finland,Europe,0.0
I133543626,Harvey Mudd College,United States,Americas,0.0
I1334627681,Jet Propulsion Laboratory,United States,Americas,0.0
I1343190059,VRVis GmbH (Austria),Austria,Europe,0.0
I1343551460,The University of Texas MD Anderson Cancer Center,United States,Americas,0.0
I1343871089,Los Alamos National Laboratory,United States,Americas,0.0
I137230718,Ingenieurgesellschaft Auto und Verkehr (Germany),Germany,Europe,0.0
I13805885,Vaughn College of Aeronautics and Technology,United States,Americas,0.0
I138006243,University of Arizona,United States,Americas,0.0
I137975476,Shinshu University,Japan,Asia,0.0
I137902535,North Carolina State University,United States,Americas,0.0
I137479271,Helmholtz Centre for Environmental Research,Germany,Europe,0.0
I137265193,University of Chester,United Kingdom,Europe,0.0
I136199984,Harvard University,United States,Americas,0.0
I1344073410,Howard Hughes Medical Institute,United States,Americas,0.0
I135598925,Kyushu University,Japan,Asia,0.0
I135310074,University of Wisconsin–Madison,United States,Americas,0.0
I135191193,University of Indianapolis,United States,Americas,0.0
I135140700,University of Bonn,Germany,Europe,0.0
I134560555,Université Toulouse III - Paul Sabatier,France,Europe,0.0
I134446601,Berkeley College,United States,Americas,0.0
I1333535994,University of North Carolina Health Care,United States,Americas,0.0
I1333198813,Bundeskriminalamt,Germany,Europe,0.0
I1332737386,General Electric (United States),United States,Americas,0.0
I1311688040,Amazon (United States),United States,Americas,0.0
I1316535847,Beth Israel Deaconess Medical Center,United States,Americas,0.0
I1314135232,Nationwide Children's Hospital,United States,Americas,0.0
I1313416372,US Forest Service,United States,Americas,0.0
I131328143,Union Bank of Switzerland,Switzerland,Europe,0.0
I131249849,Oregon State University,United States,Americas,0.0
I131221577,Bucknell University,United States,Americas,0.0
I1310439424,Accenture (Switzerland),Switzerland,Europe,0.0
I1316958739,California Air Resources Board,United States,Americas,0.0
I1308906816,NortonLifeLock (United States),United States,Americas,0.0
I130828816,University of Leeds,United Kingdom,Europe,0.0
I130769515,Pennsylvania State University,United States,Americas,0.0
I1307098950,Salk Institute for Biological Studies,United States,Americas,0.0
I130701444,Georgia Institute of Technology,United States,Americas,0.0
I1306490931,United States Army Corps of Engineers,United States,Americas,0.0
I1316902750,Cleveland Clinic,United States,Americas,0.0
I1319063186,Langley Research Center,United States,Americas,0.0
I1330347796,United States Department of Defense,United States,Americas,0.0
I1326498283,Institut national de recherche en informatique et en automatique,France,Europe,0.0
I132976966,Universität für Weiterbildung Krems,Austria,Europe,0.0
I1329325741,Philips (Finland),Finland,Europe,0.0
I1329219376,National Federation of the Blind,United States,Americas,0.0
I1328775524,Zhejiang Sci-Tech University,China,Asia,0.0
I1327237609,Ministry of Education of the People's Republic of China,China,Asia,0.0
I1327163397,State University of New York,United States,Americas,0.0
I1325886976,Siemens (Germany),Germany,Europe,0.0
I132118926,Austrian Institute of Technology,Austria,Europe,0.0
I1325784139,Yahoo (United Kingdom),United Kingdom,Europe,0.0
I1325736334,Battelle,United States,Americas,0.0
I1324840837,Hewlett-Packard (United States),United States,Americas,0.0
I1322731696,Centraal Bureau voor de Statistiek,Netherlands,Europe,0.0
I1321826891,eBay (Ireland),Ireland,Europe,0.0
I1321296531,National Institute of Standards and Technology,United States,Americas,0.0
I138211613,Austrian Academy of Sciences,Austria,Europe,0.0
I138801177,University of Ulster,United Kingdom,Europe,0.0
I3019423309,Fraunhofer Institute for Computer Graphics Research,Germany,Europe,0.0
I138898306,Reichman University,Israel,Asia,0.0
I153908563,Nortel (Canada),Canada,Americas,0.0
I153648349,University of Leicester,United Kingdom,Europe,0.0
I153512688,National Taiwan Ocean University,"Taiwan, Province of China",,0.0
I153327471,Bunkyo University,Japan,Asia,0.0
I153267046,University of Kaiserslautern,Germany,Europe,0.0
I15196421,University of Applied Sciences and Arts of Southern Switzerland,Switzerland,Europe,0.0
I151746483,University of Waterloo,Canada,Americas,0.0
I151727225,Harbin Engineering University,China,Asia,0.0
I151201029,Consejo Nacional de Investigaciones Científicas y Técnicas,Argentina,Americas,0.0
I150653062,Magna International (Germany),Germany,Europe,0.0
I15057530,Université de Bordeaux,France,Europe,0.0
I150569930,Bayer (United States),United States,Americas,0.0
I150468666,Emory University,United States,Americas,0.0
I150229711,University of Electronic Science and Technology of China,China,Asia,0.0
I150209017,Scripps Institution of Oceanography,United States,Americas,0.0
I154099455,Shandong University,China,Asia,0.0
I154130895,University of Auckland,New Zealand,Oceania,0.0
I154338468,University of Fribourg,Switzerland,Europe,0.0
I157556583,Institute of Science and Technology Austria,Austria,Europe,0.0
I16038530,Aberystwyth University,United Kingdom,Europe,0.0
I159176309,Universität Hamburg,Germany,Europe,0.0
I158842170,Chongqing University,China,Asia,0.0
I157773358,Sun Yat-sen University,China,Asia,0.0
I157725225,University of Illinois Urbana-Champaign,United States,Americas,0.0
I15766117,University of Graz,Austria,Europe,0.0
I157485424,Korea Advanced Institute of Science and Technology,"Korea, Republic of",,0.0
I154425047,University of Alberta,Canada,Americas,0.0
I156087764,"University of California, Merced",United States,Americas,0.0
I155781252,University of South Carolina,United States,Americas,0.0
I155173764,Rochester Institute of Technology,United States,Americas,0.0
I155093810,University of Idaho,United States,Americas,0.0
I154986956,European Centre for Medium-Range Weather Forecasts,United Kingdom,Europe,0.0
I154570441,"University of California, Santa Barbara",United States,Americas,0.0
I149910238,Kent State University,United States,Americas,0.0
I149899117,Max Planck Society,Germany,Europe,0.0
I149768937,University of Namur,Belgium,Europe,0.0
I141472210,University of Alaska Fairbanks,United States,Americas,0.0
I14243506,Hong Kong Polytechnic University,Hong Kong,Asia,0.0
I142263535,University of Nottingham,United Kingdom,Europe,0.0
I142108993,Southwest University,China,Asia,0.0
I141945490,University of British Columbia,Canada,Americas,0.0
I141720752,Davidson College,United States,Americas,0.0
I141591182,University of Aizu,Japan,Asia,0.0
I141371507,Soongsil University,"Korea, Republic of",,0.0
I142606810,Pacific Northwest National Laboratory,United States,Americas,0.0
I139894009,University of Bradford,United Kingdom,Europe,0.0
I139660479,Central South University,China,Asia,0.0
I13955877,Bar-Ilan University,Israel,Asia,0.0
I139506611,Sciences Po Bordeaux,France,Europe,0.0
I139264467,Seoul National University,"Korea, Republic of",,0.0
I139084617,Hiroshima Institute of Technology,Japan,Asia,0.0
I142476485,École Polytechnique,France,Europe,0.0
I143288331,Hasso Plattner Institute,Germany,Europe,0.0
I148751991,Sogang University,"Korea, Republic of",,0.0
I145872427,Radboud University Nijmegen,Netherlands,Europe,0.0
I148366613,National Yang Ming Chiao Tung University,"Taiwan, Province of China",,0.0
I148283060,Lawrence Berkeley National Laboratory,United States,Americas,0.0
I147554453,University of Bedfordshire,United Kingdom,Europe,0.0
I146416000,University of Kansas,United States,Americas,0.0
I146399215,University of Tsukuba,Japan,Asia,0.0
I145894827,Indian Institute of Technology Kharagpur,India,Asia,0.0
I145847075,TU Wien,Austria,Europe,0.0
I143302722,University of Kentucky,United States,Americas,0.0
I145581781,Chongqing Technology and Business University,China,Asia,0.0
I145311948,Johns Hopkins University,United States,Americas,0.0
I144889574,Université de Pau et des Pays de l'Adour,France,Europe,0.0
I143910747,TH Bingen University of Applied Sciences,Germany,Europe,0.0
I143804889,Loughborough University,United Kingdom,Europe,0.0
I143379178,FZI Research Center for Information Technology,Germany,Europe,0.0
I1306430637,St. Vincent's Birmingham,United States,Americas,0.0
I1306409833,Adobe Systems (United States),United States,Americas,0.0
I1306266525,Goddard Space Flight Center,United States,Americas,0.0
I1305444813,Capital One (United States),United States,Americas,0.0
I118118575,New Jersey Institute of Technology,United States,Americas,0.0
I118019719,Roche (Switzerland),Switzerland,Europe,0.0
I1174212,University of Southern California,United States,Americas,0.0
I116953780,Tongji University,China,Asia,0.0
I11662577,Monash University Malaysia,Malaysia,Asia,0.0
I115752224,University of Insubria,Italy,Europe,0.0
I114832834,Tulane University,United States,Americas,0.0
I114457229,University of Geneva,Switzerland,Europe,0.0
I114395901,University of Nebraska–Lincoln,United States,Americas,0.0
I114073160,Sutter Health,United States,Americas,0.0
I114027177,University of North Carolina at Chapel Hill,United States,Americas,0.0
I114017466,University of Technology Sydney,Australia,Oceania,0.0
I113979032,Twitter (United States),United States,Americas,0.0
I113508548,Albany State University,United States,Americas,0.0
I112756935,Mannheim University of Applied Sciences,Germany,Europe,0.0
I118347636,Australian National University,Australia,Oceania,0.0
I118353179,DePaul University,United States,Americas,0.0
I118501908,National Research University Higher School of Economics,Russian Federation,Europe,0.0
I121797337,Leiden University,Netherlands,Europe,0.0
I122411786,California Institute of Technology,United States,Americas,0.0
I122140584,Universidade Federal do Rio de Janeiro,Brazil,Americas,0.0
I121980950,Utah State University,United States,Americas,0.0
I121934306,Tufts University,United States,Americas,0.0
I121883995,Johannes Kepler University of Linz,Austria,Europe,0.0
I121820613,Louisiana State University,United States,Americas,0.0
I121748325,Universidad Complutense de Madrid,Spain,Europe,0.0
I118564535,University of Bern,Switzerland,Europe,0.0
I12097938,West Virginia University,United States,Americas,0.0
I120250893,New York University Abu Dhabi,United Arab Emirates,Asia,0.0
I119888943,Gonzaga University,United States,Americas,0.0
I11957088,Michigan Technological University,United States,Americas,0.0
I119003972,Roma Tre University,Italy,Europe,0.0
I118692353,University of Science and Technology,Yemen,Asia,0.0
I112260969,Ontario Institute for Cancer Research,Canada,Americas,0.0
I111979921,Northwestern University,United States,Americas,0.0
I1118541,University of East Anglia,United Kingdom,Europe,0.0
I102197404,Université Paris-Sud,France,Europe,0.0
I103406327,Western Carolina University,United States,Americas,0.0
I103163165,Florida State University,United States,Americas,0.0
I102520234,TH Köln - University of Applied Sciences,Germany,Europe,0.0
I102502594,Northern Illinois University,United States,Americas,0.0
I102335020,Karlsruhe Institute of Technology,Germany,Europe,0.0
I102322142,"Rutgers, The State University of New Jersey",United States,Americas,0.0
I102149020,University of North Carolina at Charlotte,United States,Americas,0.0
I104914703,Université du Québec à Chicoutimi,Canada,Americas,0.0
I102134673,Linköping University,Sweden,Europe,0.0
I100930933,University College Dublin,Ireland,Europe,0.0
I100633361,University of Massachusetts Dartmouth,United States,Americas,0.0
I100621029,Bank of America,United States,Americas,0.0
I100532134,Université Claude Bernard Lyon 1,France,Europe,0.0
I100296615,École Nationale de l’Aviation Civile,France,Europe,0.0
I103531236,Boston College,United States,Americas,0.0
I106118109,Eötvös Loránd University,Hungary,Europe,0.0
I111483173,King University,United States,Americas,0.0
I108290504,University of Pisa,Italy,Europe,0.0
I111277659,Chonnam National University,"Korea, Republic of",,0.0
I111088046,Boston University,United States,Americas,0.0
I110378019,Southern Illinois University Carbondale,United States,Americas,0.0
I110152177,University of Akron,United States,Americas,0.0
I109935558,Ningbo University,China,Asia,0.0
I108464949,Center for Applied Special Technology,United States,Americas,0.0
I10824318,Universidade Federal de Ouro Preto,Brazil,Americas,0.0
I106165777,University of Central Florida,United States,Americas,0.0
I107766831,NSF National Center for Atmospheric Research,United States,Americas,0.0
I107639228,University of Notre Dame,United States,Americas,0.0
I107606265,Broad Institute,United States,Americas,0.0
I107371206,Federal Institute of São Paulo,Brazil,Americas,0.0
I107257983,Darmstadt University of Applied Sciences,Germany,Europe,0.0
I107077323,Worcester Polytechnic Institute,United States,Americas,0.0
I122754148,SAS Institute (United States),United States,Americas,0.0
I122991210,"Istituto di Scienza e Tecnologie dell'Informazione ""Alessandro Faedo""",Italy,Europe,0.0
I12315562,Texas Tech University,United States,Americas,0.0
I12912129,Northeastern University,United States,Americas,0.0
I1295339012,Boeing (United States),United States,Americas,0.0
I1294671590,Centre National de la Recherche Scientifique,France,Europe,0.0
I1294297726,Exploratorium,United States,Americas,0.0
I1292974536,Ford Motor Company (United States),United States,Americas,0.0
I1292875679,Commonwealth Scientific and Industrial Research Organisation,Australia,Oceania,0.0
I1291425158,Google (United States),United States,Americas,0.0
I1290206253,Microsoft (United States),United States,Americas,0.0
I129604602,University of Sydney,Australia,Oceania,0.0
I1289530486,BC Cancer Agency,Canada,Americas,0.0
I1289490764,Centers for Disease Control and Prevention,United States,Americas,0.0
I1289243028,Oak Ridge National Laboratory,United States,Americas,0.0
I1288882113,Boston Children's Hospital,United States,Americas,0.0
I1288783943,Bureau of Economic Analysis,United States,Americas,0.0
I1288214837,United States Naval Research Laboratory,United States,Americas,0.0
I1295801184,Netherlands Institute for Neuroscience,Netherlands,Europe,0.0
I1297288678,National Renewable Energy Laboratory,United States,Americas,0.0
I1287378978,University of British Columbia Hospital,Canada,Americas,0.0
I130238516,University of Minnesota,United States,Americas,0.0
I1305429384,JPMorgan Chase & Co (United States),United States,Americas,0.0
I130442723,Universidade Federal do Rio Grande do Sul,Brazil,Americas,0.0
I130440993,National Security Agency,United States,Americas,0.0
I1304256225,University of Wisconsin System,United States,Americas,0.0
I1304085615,Nvidia (United Kingdom),United Kingdom,Europe,0.0
I1303153112,European Bioinformatics Institute,United Kingdom,Europe,0.0
I1302368450,Environmental Protection Agency,United States,Americas,0.0
I129774422,University of Vienna,Austria,Europe,0.0
I1299907687,Bloomberg (United States),United States,Americas,0.0
I1299303238,National Institutes of Health,United States,Americas,0.0
I129902397,Dalhousie University,Canada,Americas,0.0
I1299022934,United States Department of Health and Human Services,United States,Americas,0.0
I1298353152,SRI International,United States,Americas,0.0
I1297991670,Southwest University of Science and Technology,China,Asia,0.0
I1287521167,Lockheed Martin (United States),United States,Americas,0.0
I1286959531,United Nations,United States,Americas,0.0
I123387679,Uppsala University,Sweden,Europe,0.0
I125749732,Western University,Canada,Americas,0.0
I126820664,Vassar College,United States,Americas,0.0
I126744593,"University of Maryland, Baltimore",United States,Americas,0.0
I126633494,University of Basrah,Iraq,Asia,0.0
I126533617,Alliant International University,United States,Americas,0.0
I126307644,University of Iowa,United States,Americas,0.0
I125839683,Beijing Institute of Technology,China,Asia,0.0
I124357947,University of London,United Kingdom,Europe,0.0
I127317711,Tokyo University of Agriculture,Japan,Asia,0.0
I124261462,Oxford Brookes University,United Kingdom,Europe,0.0
I124227911,Ben-Gurion University of the Negev,Israel,Asia,0.0
I124055696,University of Copenhagen,Denmark,Europe,0.0
I123900574,Pohang University of Science and Technology,"Korea, Republic of",,0.0
I12356871,Télécom Paris,France,Europe,0.0
I123431417,Scripps Research Institute,United States,Americas,0.0
I126863827,Pace University,United States,Americas,0.0
I127558574,DSM (Netherlands),Netherlands,Europe,0.0
I1286704778,Rutherford Appleton Laboratory,United Kingdom,Europe,0.0
I1283220839,Stuttgart Media University,Germany,Europe,0.0
I1286353243,Autodesk (United States),United States,Americas,0.0
I1286329397,United States Geological Survey,United States,Americas,0.0
I1283595831,Synlab Czech (Czechia),Czechia,,0.0
I1283582996,Novartis (Switzerland),Switzerland,Europe,0.0
I1283382300,BMW (Germany),Germany,Europe,0.0
I1283280774,Brigham and Women's Hospital,United States,Americas,0.0
I1283103587,AT&T (United States),United States,Americas,0.0
I1280414376,United States Air Force Research Laboratory,United States,Americas,0.0
I1282927834,Cedars-Sinai Medical Center,United States,Americas,0.0
I1282770075,Tektronix (United States),United States,Americas,0.0
I1282311441,Lawrence Livermore National Laboratory,United States,Americas,0.0
I1282113950,United States Department of Homeland Security,United States,Americas,0.0
I1282105669,Argonne National Laboratory,United States,Americas,0.0
I1280536761,Ames Research Center,United States,Americas,0.0
I161046081,University of Freiburg,Germany,Europe,0.0
I161057412,University of New Hampshire,United States,Americas,0.0
I161127581,Universidade Federal Fluminense,Brazil,Americas,0.0
I204512498,University of Macau,Macao,,0.0
I27837315,University of Michigan–Ann Arbor,United States,Americas,0.0
I27804330,Brown University,United States,Americas,0.0
I277688954,Université Paris-Saclay,France,Europe,0.0
I2738703131,Commissariat à l'Énergie Atomique et aux Énergies Alternatives,France,Europe,0.0
I2699952,Pontifical Catholic University of Rio de Janeiro,Brazil,Americas,0.0
I26538001,San Diego State University,United States,Americas,0.0
I265217849,IFP Énergies nouvelles,France,Europe,0.0
I26274970,FX Palo Alto Laboratory,United States,Americas,0.0
I2614128279,Dalle Molle Institute for Artificial Intelligence Research,Switzerland,Europe,0.0
I2613432,University of South Florida,United States,Americas,0.0
I26120043,Ochanomizu University,Japan,Asia,0.0
I25974101,University of Würzburg,Germany,Europe,0.0
I258800397,New York University Shanghai,China,Asia,0.0
I25485817,St. Pölten University of Applied Sciences,Austria,Europe,0.0
I2540865,Institut Français,France,Europe,0.0
I2799272722,Oulu University Hospital,Finland,Europe,0.0
I2799323385,Board of the Swiss Federal Institutes of Technology,Switzerland,Europe,0.0
I2799337515,Toronto Western Hospital,Canada,Americas,0.0
I2799853436,Johns Hopkins Medicine,United States,Americas,0.0
I2800093571,TD Bank,United States,Americas,0.0
I2800006345,Leiden University Medical Center,Netherlands,Europe,0.0
I2799980853,Korea University Medical Center,"Korea, Republic of",,0.0
I2799909505,Savannah River National Laboratory,United States,Americas,0.0
I2799891827,Korea Post,"Korea, Republic of",,0.0
I2799859273,Ostfalia University of Applied Sciences,Germany,Europe,0.0
I2799803557,Barcelona Supercomputing Center,Spain,Europe,0.0
I2799390153,Leeds Teaching Hospitals NHS Trust,United Kingdom,Europe,0.0
I2799802224,Fife Council,United Kingdom,Europe,0.0
I2799798094,UCLA Health,United States,Americas,0.0
I2799567181,Princeton Plasma Physics Laboratory,United States,Americas,0.0
I2799504096,New York Times,United States,Americas,0.0
I2799475292,Vancouver Hospital and Health Sciences Centre,Canada,Americas,0.0
I2799411422,Center for Discrete Mathematics and Theoretical Computer Science,United States,Americas,0.0
I251738,Edinburgh Napier University,United Kingdom,Europe,0.0
I251424209,University of Girona,Spain,Europe,0.0
I25112270,Universidade Federal de Pernambuco,Brazil,Americas,0.0
I205703379,Institut Mines-Télécom,France,Europe,0.0
I21449261,Masaryk University,Czechia,,0.0
I212119943,University of Victoria,Canada,Americas,0.0
I207624831,Slovak Academy of Sciences,Slovakia,Europe,0.0
I206945453,Paderborn University,Germany,Europe,0.0
I206895457,University of Siegen,Germany,Europe,0.0
I205783295,Cornell University,United States,Americas,0.0
I205640436,Curtin University,Australia,Oceania,0.0
I219193219,Purdue University West Lafayette,United States,Americas,0.0
I205237279,Nankai University,China,Asia,0.0
I204983213,Harbin Institute of Technology,China,Asia,0.0
I204824540,University of Wollongong,Australia,Oceania,0.0
I204778367,Norwegian University of Science and Technology,Norway,Europe,0.0
I204730241,Université Paris Cité,France,Europe,0.0
I204722609,Queen's University,Canada,Americas,0.0
I216852786,École Centrale Paris,France,Europe,0.0
I22248866,AgroParisTech,France,Europe,0.0
I24943067,Fudan University,China,Asia,0.0
I2252078561,Meta (Israel),Israel,Asia,0.0
I24603500,University of Massachusetts Amherst,United States,Americas,0.0
I243754102,Universidade Federal do Ceará,Brazil,Americas,0.0
I24185976,Sichuan University,China,Asia,0.0
I241749,University of Cambridge,United Kingdom,Europe,0.0
I23732399,Montana State University,United States,Americas,0.0
I231293419,China Academy of Art,China,Asia,0.0
I2250955327,Huawei Technologies (China),China,Asia,0.0
I22299242,Kyoto University,Japan,Asia,0.0
I2250653659,Tencent (China),China,Asia,0.0
I2250650973,Samsung (South Korea),"Korea, Republic of",,0.0
I22465464,University of Münster,Germany,Europe,0.0
I223822909,Heidelberg University,Germany,Europe,0.0
I223532165,University of Utah,United States,Americas,0.0
I223464139,Linnaeus University,Sweden,Europe,0.0
I2800129641,Great Ormond Street Hospital,United Kingdom,Europe,0.0
I2800235667,Kurchatov Institute,Russian Federation,Europe,0.0
I2800287464,State Administration of Cultural Heritage,China,Asia,0.0
I2802612298,The Wallace H. Coulter Department of Biomedical Engineering,United States,Americas,0.0
I2802964274,Interface (United States),United States,Americas,0.0
I2802946424,Johns Hopkins University Applied Physics Laboratory,United States,Americas,0.0
I2802928900,Academic Medical Center,Netherlands,Europe,0.0
I2802849423,University Medical Center,United States,Americas,0.0
I2802660506,United States Coast Guard,United States,Americas,0.0
I2802619606,Klinikum rechts der Isar,Germany,Europe,0.0
I2802536742,Florida Aquarium,United States,Americas,0.0
I2802999273,Wisconsin Institutes for Discovery,United States,Americas,0.0
I2802519937,Institut de Recherche en Informatique et Systèmes Aléatoires,France,Europe,0.0
I2802487185,Université du littoral côte d'opale,France,Europe,0.0
I2802423016,WinnMed,United States,Americas,0.0
I2802384920,Stennis Space Center,United States,Americas,0.0
I2802259095,Energy Research Centre of the Netherlands,Netherlands,Europe,0.0
I2802236040,University of Colorado System,United States,Americas,0.0
I2802966293,Urban College of Boston,United States,Americas,0.0
I2803058125,Seoul National University Bundang Hospital,"Korea, Republic of",,0.0
I2802164966,University Hospital Heidelberg,Germany,Europe,0.0
I2972652528,FHNW University of Applied Sciences and Arts,Switzerland,Europe,0.0
I3019415892,Fraunhofer Institute for Industrial Mathematics,Germany,Europe,0.0
I3018483916,University Medical Center Utrecht,Netherlands,Europe,0.0
I3018083178,Institut de Recherche Technologique SystemX,France,Europe,0.0
I3017942884,Institut de Mathématiques de Jussieu-Paris Rive Gauche,France,Europe,0.0
I3005327000,Institute for Infocomm Research,Singapore,Asia,0.0
I29955533,Center for Information Technology,United States,Americas,0.0
I29607241,École Normale Supérieure - PSL,France,Europe,0.0
I2803209242,University of California System,United States,Americas,0.0
I29606459,University of Mississippi Medical Center,United States,Americas,0.0
I2948663404,Boston Scientific (United States),United States,Americas,0.0
I2948394018,Northrop Grumman (United States),United States,Americas,0.0
I2946016260,Uber AI (United States),United States,Americas,0.0
I2898391981,Deutsches Zentrum für Luft- und Raumfahrt e. V. (DLR),Germany,Europe,0.0
I28777354,Sejong University,"Korea, Republic of",,0.0
I2802194831,Samsung Medical Center,"Korea, Republic of",,0.0
I2802162544,Northern Gulf Institute,United States,Americas,0.0
I2800289517,German Climate Computing Centre,Germany,Europe,0.0
I2800607224,Swedish National Board of Forensic Medicine,Sweden,Europe,0.0
I2800780207,Swedish Institute,Sweden,Europe,0.0
I2800759272,Center for Advanced Studies Research and Development in Sardinia,Italy,Europe,0.0
I2800740805,Haukeland University Hospital,Norway,Europe,0.0
I2800638415,University of Applied Sciences Potsdam,Germany,Europe,0.0
I2800638129,Pacific Tower,United States,Americas,0.0
I2800628709,Lenox Hill Hospital,United States,Americas,0.0
I2800548410,United States National Library of Medicine,United States,Americas,0.0
I2801120862,General Motors (India),India,Asia,0.0
I2800497579,CRC for Spatial information,Australia,Oceania,0.0
I2800451603,Center of Advanced European Studies and Research,Germany,Europe,0.0
I2800444561,Atlanta Technical College,United States,Americas,0.0
I2800403580,University of Minnesota System,United States,Americas,0.0
I2800363604,Walter Reed National Military Medical Center,United States,Americas,0.0
I2800297018,Chr. Michelsen Institute,Norway,Europe,0.0
I2800935791,UC San Diego Health System,United States,Americas,0.0
I2801238018,Catharina Ziekenhuis,Netherlands,Europe,0.0
I2802076133,University of Koblenz and Landau,Germany,Europe,0.0
I2801613365,Mitchell Institute,United States,Americas,0.0
I2801935854,SLAC National Accelerator Laboratory,United States,Americas,0.0
I2801919071,University of Illinois System,United States,Americas,0.0
I2801862477,Canada Research Chairs,Canada,Americas,0.0
I2801857525,Kellogg's (Canada),Canada,Americas,0.0
I2801851002,Harvard University Press,United States,Americas,0.0
I2801798921,Helmholtz-Zentrum Dresden-Rossendorf,Germany,Europe,0.0
I2801607516,Associated Press,United States,Americas,0.0
I2801239119,Australian Regenerative Medicine Institute,Australia,Oceania,0.0
I2801436432,Folger Shakespeare Library,United States,Americas,0.0
I2801410363,Stony Brook University Hospital,United States,Americas,0.0
I2801333002,Purdue University System,United States,Americas,0.0
I2801317318,Hospital for Sick Children,Canada,Americas,0.0
I2801313472,North Central State College,United States,Americas,0.0
I2801240577,Building and Construction Authority,Singapore,Asia,0.0
I204553293,"China University of Petroleum, Beijing",China,Asia,0.0
I204465549,Washington University in St. Louis,United States,Americas,0.0
I161171246,West Chester University,United States,Americas,0.0
I204337017,Aarhus University,Denmark,Europe,0.0
I177483745,Université Joseph Fourier,France,Europe,0.0
I17747738,Beijing University of Chinese Medicine,China,Asia,0.0
I177328695,Union College,United States,Americas,0.0
I17653759,Fund for Scientific Research,Belgium,Europe,0.0
I176453806,University of Potsdam,Germany,Europe,0.0
I175594653,John Brown University,United States,Americas,0.0
I174306211,Technion – Israel Institute of Technology,Israel,Asia,0.0
I174216632,City University of New York,United States,Americas,0.0
I174183983,Maria Curie-Skłodowska University,Poland,Europe,0.0
I173911158,Iowa State University,United States,Americas,0.0
I173759888,Hunan Normal University,China,Asia,0.0
I173498003,Palo Alto Research Center,United States,Americas,0.0
I17301866,University of Alabama,United States,Americas,0.0
I172901346,St Petersburg University,Russian Federation,Europe,0.0
I172675005,Nanyang Technological University,Singapore,Asia,0.0
I177605424,Amherst College,United States,Americas,0.0
I177725633,Chinese University of Hong Kong,China,Asia,0.0
I177802217,University of Mannheim,Germany,Europe,0.0
I180437899,University of Bremen,Germany,Europe,0.0
I180980256,Waters (United States),United States,Americas,0.0
I180949307,Illinois Institute of Technology,United States,Americas,0.0
I180923762,University of Cologne,Germany,Europe,0.0
I180825142,"City, University of London",United Kingdom,Europe,0.0
I180726961,Shenzhen University,China,Asia,0.0
I180670191,"University of California, San Francisco",United States,Americas,0.0
I18014758,Simon Fraser University,Canada,Americas,0.0
I177909021,Universidade Federal de São Carlos,Brazil,Americas,0.0
I179863766,Western Norway University of Applied Sciences,Norway,Europe,0.0
I17974374,Universidade de São Paulo,Brazil,Americas,0.0
I179225836,University of Augsburg,Germany,Europe,0.0
I179093154,University of New Hampshire at Manchester,United States,Americas,0.0
I179026463,Beijing Technology and Business University,China,Asia,0.0
I177969490,University of Southern Denmark,Denmark,Europe,0.0
I17145004,Northwestern Polytechnical University,China,Asia,0.0
I170897317,Duke University,United States,Americas,0.0
I170658231,Osnabrück University,Germany,Europe,0.0
I164389053,Fordham University,United States,Americas,0.0
I165525304,Edge Hill University,United Kingdom,Europe,0.0
I165390105,University of South Africa,South Africa,Africa,0.0
I165368041,University of Iceland,Iceland,Europe,0.0
I165143802,University of Queensland,Australia,Oceania,0.0
I165102784,Duquesne University,United States,Americas,0.0
I164956901,Visa (United Kingdom),United Kingdom,Europe,0.0
I16391192,Tel Aviv University,Israel,Asia,0.0
I165733156,University of Georgia,United States,Americas,0.0
I162868743,Tianjin University,China,Asia,0.0
I16285277,William & Mary,United States,Americas,0.0
I162714631,George Mason University,United States,Americas,0.0
I162646704,Dowling College,United States,Americas,0.0
I162577319,The University of Texas at Dallas,United States,Americas,0.0
I161548249,Bangor University,United Kingdom,Europe,0.0
I165690674,Oregon Health & Science University,United States,Americas,0.0
I165779595,University of Melbourne,Australia,Oceania,0.0
I170239107,University of South Australia,Australia,Oceania,0.0
I168864056,Bilkent University,Türkiye,,0.0
I170215575,National University of Defense Technology,China,Asia,0.0
I170201317,University of Pittsburgh,United States,Americas,0.0
I169521973,University of New Mexico,United States,Americas,0.0
I169381384,University of Groningen,Netherlands,Europe,0.0
I169173203,Délégation Paris 7,France,Europe,0.0
I169086405,Winthrop University,United States,Americas,0.0
I168719708,City University of Hong Kong,Hong Kong,Asia,0.0
I165799507,Rensselaer Polytechnic Institute,United States,Americas,0.0
I168635309,University of Calgary,Canada,Americas,0.0
I16835326,University of St Andrews,United Kingdom,Europe,0.0
I167576493,Colorado School of Mines,United States,Americas,0.0
I166825849,Tampere University,Finland,Europe,0.0
I166416128,DEVCOM Army Research Laboratory,United States,Americas,0.0
I165932596,National University of Singapore,Singapore,Asia,0.0
I181369854,Friedrich-Alexander-Universität Erlangen-Nürnberg,Germany,Europe,0.0
I181391015,Universidade Estadual de Campinas (UNICAMP),Brazil,Americas,0.0
I181653535,San Diego Supercomputer Center,United States,Americas,0.0
I19820366,Chinese Academy of Sciences,China,Asia,0.0
I200332995,TU Dortmund University,Germany,Europe,0.0
I200166805,Guy's and St Thomas' NHS Foundation Trust,United Kingdom,Europe,0.0
I199693650,Umm al-Qura University,Saudi Arabia,Asia,0.0
I199028557,Kyushu Sangyo University,Japan,Asia,0.0
I19894307,Université de Montpellier,France,Europe,0.0
I198415970,Université d'Avignon et des Pays de Vaucluse,France,Europe,0.0
I19772626,Yeshiva University,United States,Americas,0.0
I200719446,Vanderbilt University,United States,Americas,0.0
I197347611,Korea University,"Korea, Republic of",,0.0
I197323543,Johannes Gutenberg University Mainz,Germany,Europe,0.0
I197251160,Hebrew University of Jerusalem,Israel,Asia,0.0
I19700959,Florida International University,United States,Americas,0.0
I19648265,Wright State University,United States,Americas,0.0
I196349391,Universität Ulm,Germany,Europe,0.0
I200576644,HRL Laboratories (United States),United States,Americas,0.0
I200763008,University of Giessen,Germany,Europe,0.0
I195575238,Middlebury College,United States,Americas,0.0
I20231570,Peking University,China,Asia,0.0
I204250578,"University of California, Irvine",United States,Americas,0.0
I203951103,Keio University,Japan,Asia,0.0
I203172682,Northern Arizona University,United States,Americas,0.0
I202963720,University of St. Gallen,Switzerland,Europe,0.0
I202697423,University of Zurich,Switzerland,Europe,0.0
I202524275,Smith College,United States,Americas,0.0
I202276237,Medical University of Graz,Austria,Europe,0.0
I200769079,Hong Kong University of Science and Technology,Hong Kong,Asia,0.0
I201726411,United Arab Emirates University,United Arab Emirates,Asia,0.0
I201537933,Tohoku University,Japan,Asia,0.0
I201448701,University of Washington,United States,Americas,0.0
I20121455,Bielefeld University,Germany,Europe,0.0
I20089843,Princeton University,United States,Americas,0.0
I200870766,Brookhaven National Laboratory,United States,Americas,0.0
I195893171,Zuse Institute Berlin,Germany,Europe,0.0
I195525897,Research Institute of Molecular Pathology,Austria,Europe,0.0
I182083151,Universidad Rey Juan Carlos,Spain,Europe,0.0
I184842277,Maharishi International University,United States,Americas,0.0
I185658715,Universities UK,United Kingdom,Europe,0.0
I185443292,Wayne State University,United States,Americas,0.0
I185261750,University of Toronto,Canada,Americas,0.0
I185103710,"University of California, Santa Cruz",United States,Americas,0.0
I1850255,University of Basel,Switzerland,Europe,0.0
I184999862,Universidad de Salamanca,Spain,Europe,0.0
I184597095,National Institute of Informatics,Japan,Asia,0.0
I189158971,United States Naval Academy,United States,Americas,0.0
I184565670,Georgetown University,United States,Americas,0.0
I183935753,King's College London,United Kingdom,Europe,0.0
I183874917,Urbana University,United States,Americas,0.0
I183067930,Shanghai Jiao Tong University,China,Asia,0.0
I18283598,Wheeling Jesuit University,United States,Americas,0.0
I182712176,Montanuniversität Leoben,Austria,Europe,0.0
I188538660,University of Colorado Boulder,United States,Americas,0.0
I189196454,The University of Texas at Arlington,United States,Americas,0.0
I194028371,University of Regina,Canada,Americas,0.0
I192454743,Sandia National Laboratories California,United States,Americas,0.0
I193775966,Yonsei University,"Korea, Republic of",,0.0
I19370010,Orange (France),France,Europe,0.0
I193662353,Utrecht University,Netherlands,Europe,0.0
I193619901,Constructor University,Germany,Europe,0.0
I193531525,George Washington University,United States,Americas,0.0
I192455969,York University,Canada,Americas,0.0
I192396691,University of New Orleans,United States,Americas,0.0
I189712700,University of Konstanz,Germany,Europe,0.0
I191240316,University of Hull,United Kingdom,Europe,0.0
I191208505,Xiamen University,China,Asia,0.0
I190397597,University of Urbino,Italy,Europe,0.0
I1902872,EURECOM,France,Europe,0.0
I190249584,Universität Innsbruck,Austria,Europe,0.0
I190082696,Durham University,United Kingdom,Europe,0.0
I99464096,KU Leuven,Belgium,Europe,0.0
