year,title,awards,awardsLabels,hasGraphicsReplicabilityStamp
2024,KNowNEt:Guided Health Information Seeking from LLMs via Knowledge Graph Integration,['HM'],['Honorable Mention'],False
2024,When Refreshable Tactile Displays Meet Conversational Agents: Investigating Accessible Data Presentation and Analysis with Touch and Speech,['HM'],['Honorable Mention'],False
2024,VisEval: A Benchmark for Data Visualization in the Era of Large Language Models,['BP'],['Best Paper'],False
2024,AdversaFlow: Visual Red Teaming for Large Language Models with Multi-Level Adversarial Flow,['HM'],['Honorable Mention'],False
2024,Entanglements for Visualization: Changing Research Outcomes through Feminist Theory,['BP'],['Best Paper'],False
2024,"Aardvark: Composite Visualizations of Trees, Time-Series, and Images",['BP'],['Best Paper'],False
2024,Manipulable Semantic Components: A Computational Representation of Data Visualization Scenes,['HM'],['Honorable Mention'],False
2024,Talk to the Wall: The Role of Speech Interaction in Collaborative Visual Analytics,['HM'],['Honorable Mention'],True
2024,VADIS: A Visual Analytics Pipeline for Dynamic Document Representation and Information-Seeking,['BP'],['Best Paper'],False
2024,“I Came Across a Junk”: Understanding Design Flaws of Data Visualization from the Public's Perspective,['HM'],['Honorable Mention'],False
2024,PREVis: Perceived Readability Evaluation for Visualizations,['HM'],['Honorable Mention'],True
2024,Beyond Correlation: Incorporating Counterfactual Guidance to Better Support Exploratory Visual Analysis,['HM'],['Honorable Mention'],False
2024,Rapid and Precise Topological Comparison with Merge Tree Neural Networks,['BP'],['Best Paper'],False
2024,Touching the Ground: Evaluating the Effectiveness of Data Physicalizations for Spatial Data Analysis Tasks,['HM'],['Honorable Mention'],False
2024,Learnable and Expressive Visualization Authoring Through Blended Interfaces,['HM'],['Honorable Mention'],False
2024,Visual Support for the Loop Grafting Workflow on Proteins,['HM'],['Honorable Mention'],False
2024,From Instruction to Insight: Exploring the Functional and Semantic Roles of Text in Interactive Dashboards,['HM'],['Honorable Mention'],False
2024,Dynamic Color Assignment for Hierarchical Data,['HM'],['Honorable Mention'],False
2024,CataAnno: An Ancient Catalog Annotator for Annotation Cleaning by Recommendation,['HM'],['Honorable Mention'],False
2023,ManiVault: A Flexible and Extensible Visual Analytics Framework for High-Dimensional Data,['HM'],['Honorable Mention'],False
2023,"PROWIS: A Visual Approach for Building, Managing, and Analyzing Weather Simulation Ensembles at Runtime",['HM'],['Honorable Mention'],False
2023,Visualization of Discontinuous Vector Field Topology,['BP'],['Best Paper'],False
2023,Fast Compressed Segmentation Volumes for Scientific Visualization,['BP'],['Best Paper'],False
2023,Data Formulator: AI-Powered Concept-Driven Visualization Authoring,['HM'],['Honorable Mention'],False
2023,Extract and Characterize Hairpin Vortices in Turbulent Flows,['HM'],['Honorable Mention'],False
2023,"Enthusiastic and Grounded, Avoidant and Cautious: Understanding Public Receptivity to Data and Visualizations",['HM'],['Honorable Mention'],False
2023,InnovationInsights: A Visual Analytics Approach for Understanding the Dual Frontiers of Science and Technology,['HM'],['Honorable Mention'],False
2023,TimeSplines: Sketch-Based Authoring of Flexible and Idiosyncratic Timelines,['BP'],['Best Paper'],False
2023,Dr. KID: Direct Remeshing and K-Set Isometric Decomposition for Scalable Physicalization of Organic Shapes,['HM'],['Honorable Mention'],False
2023,Average Estimates in Line Graphs Are Biased Toward Areas of Higher Variability,['HM'],['Honorable Mention'],False
2023,Vortex Lens: Interactive Vortex Core Line Extraction using Observed Line Integral Convolution,['BP'],['Best Paper'],False
2023,A Computational Design Pipeline to Fabricate Sensing Network Physicalizations,['HM'],['Honorable Mention'],False
2023,Affective Visualization Design: Leveraging the Emotional Impact of Data,['BP'],['Best Paper'],False
2023,"Swaying the Public? Impacts of Election Forecast Visualizations on Emotion, Trust, and Intention in the 2022 U.S. Midterms",['BP'],['Best Paper'],False
2023,Dead or Alive: Continuous Data Profiling for Interactive Data Science,['HM'],['Honorable Mention'],False
2023,CLAMS: A Cluster Ambiguity Measure for Estimating Perceptual Variability in Visual Clustering,['HM'],['Honorable Mention'],False
2023,ARGUS: Visualization of AI-Assisted Task Guidance in AR,['HM'],['Honorable Mention'],False
2023,Merge Tree Geodesics and Barycenters with Path Mappings,['HM'],['Honorable Mention'],False
2022,Quick Clusters: A GPU-Parallel Partitioning for Efficient Path Tracing of Unstructured Volumetric Grids,['HM'],['Honorable Mention'],False
2022,MEDLEY: Intent-based Recommendations to Support Dashboard Composition,['HM'],['Honorable Mention'],False
2022,Evaluating the Use of Uncertainty Visualisations for Imputations of Data Missing At Random in Scatterplots,['HM'],['Honorable Mention'],False
2022,Breaking the Fourth Wall of Data Stories through Interaction,['HM'],['Honorable Mention'],False
2022,TrafficVis: Visualizing Organized Activity and Spatio-Temporal Patterns for Detecting and Labeling Human Trafficking,['HM'],['Honorable Mention'],False
2022,Uncertainty-Aware Multidimensional Scaling,['BP'],['Best Paper'],True
2022,VDL-Surrogate: A View-Dependent Latent-based Model for Parameter Space Exploration of Ensemble Simulations,['HM'],['Honorable Mention'],False
2022,GRay: Ray Casting for Visualization and Interactive Data Exploration of Gaussian Mixture Models,['HM'],['Honorable Mention'],False
2022,FoVolNet: Fast Volume Rendering using Foveated Deep Neural Networks,['HM'],['Honorable Mention'],False
2022,ChartWalk: Navigating large collections of text notes in electronic health records for clinical chart review,['HM'],['Honorable Mention'],False
2022,Supporting Expressive and Faithful Pictorial Visualization Design with Visual Style Transfer,['HM'],['Honorable Mention'],False
2022,The Quest for Omnioculars: Embedded Visualization for Augmenting Basketball Game Viewing Experiences,['HM'],['Honorable Mention'],False
2022,OBTracker: Visual Analytics of Off-ball Movements in Basketball,['HM'],['Honorable Mention'],False
2022,Extending the Nested Model for User-Centric XAI: A Design Study on GNN-based Drug Repurposing,['HM'],['Honorable Mention'],False
2022,Affective Learning Objectives for Communicative Visualizations,['BP'],['Best Paper'],False
2022,Dashboard Design Patterns,['HM'],['Honorable Mention'],False
2022,SliceTeller: A Data Slice-Driven Approach for Machine Learning Model Validation,['HM'],['Honorable Mention'],False
2022,ASTF: Visual Abstractions of Time-Varying Patterns in Radio Signals,['HM'],['Honorable Mention'],False
2022,Exploring Interactions with Printed Data Visualizations in Augmented Reality,['HM'],['Honorable Mention'],False
2022,Multiple Forecast Visualizations (MFVs): Trade-offs in Trust and Performance in Multiple COVID-19 Forecast Visualizations,['BP'],['Best Paper'],False
2021,Causal Support: Modeling Causal Inferences with Visualizations,['HM'],['Honorable Mention'],False
2021,Feature Curves and Surfaces of 3D Asymmetric Tensor Fields,['BP'],['Best Paper'],False
2021,VizSnippets: Compressing Visualization Bundles Into Representative Previews for Browsing Visualization Collections,['HM'],['Honorable Mention'],False
2021,Explanatory Journeys: Visualising to Understand and Explain Administrative Justice Paths of Redress,['HM'],['Honorable Mention'],False
2021,Interactive Exploration of Physically-Observable Objective Vortices in Unsteady 2D Flow,['HM'],['Honorable Mention'],False
2021,Loon: Using Exemplars to Visualize Large-Scale Microscopy Data,['HM'],['Honorable Mention'],False
2021,Simultaneous Matrix Orderings for Graph Collections,['BP'],['Best Paper'],False
2021,SPEULER: Semantics-preserving Euler Diagrams,['HM'],['Honorable Mention'],False
2021,SightBi: Exploring Cross-View Data Relationships with Biclusters,['HM'],['Honorable Mention'],False
2021,Real-Time Visual Analysis of High-Volume Social Media Posts,['HM'],['Honorable Mention'],False
2021,Context Matters: A Theory of Semantic Discriminability for Perceptual Encoding Systems,['HM'],['Honorable Mention'],False
2021,Rethinking the Ranks of Visual Channels,['HM'],['Honorable Mention'],False
2021,Perception! Immersion! Empowerment! Superpowers as Inspiration for Visualization,['BP'],['Best Paper'],False
2021,IRVINE: A Design Study on Analyzing Correlation Patterns of Electrical Engines,['BP'],['Best Paper'],False
2021,An Evaluation-Focused Framework for Visualization Recommendation Algorithms,['HM'],['Honorable Mention'],False
2021,VBridge: Connecting the Dots Between Features and Data to Explain Healthcare Models,['HM'],['Honorable Mention'],False
2021,Communicating Visualizations without Visuals: Investigation of Visualization Alternative Text for People with Visual Impairments,['HM'],['Honorable Mention'],False
2021,Augmenting Sports Videos with VisCommentator,['HM'],['Honorable Mention'],False
2021,M2Lens: Visualizing and Explaining Multimodal Models for Sentiment Analysis,['HM'],['Honorable Mention'],False
2021,KG4Vis: A Knowledge Graph-Based Approach for Visualization Recommendation,['HM'],['Honorable Mention'],False
2020,A Design Space of Vision Science Methods for Visualization Research,['HM'],['Honorable Mention'],False
2020,Interactive Black-Hole Visualization,['HM'],['Honorable Mention'],False
2020,A Simple Pipeline for Coherent Grid Maps,['HM'],['Honorable Mention'],False
2020,Objective Observer-Relative Flow Visualization in Curved Spaces for Unsteady 2D Geophysical Flows,['BP'],['Best Paper'],False
2020,A Generic Framework and Library for Exploration of Small Multiples through Interactive Piling,['HM'],['Honorable Mention'],False
2020,In Search of Patient Zero: Visual Analytics of Pathogen Transmission Pathways in Hospitals,['HM'],['Honorable Mention'],False
2020,Data Visceralization: Enabling Deeper Understanding of Data Using Virtual Reality,['HM'],['Honorable Mention'],False
2020,"VATLD: A Visual Analytics System to Assess, Understand and Improve Traffic Light Detection",['BP'],['Best Paper'],False
2020,Visual Reasoning Strategies for Effect Size Judgments and Decisions,['BP'],['Best Paper'],False
2020,Preserving Minority Structures in Graph Sampling,['HM'],['Honorable Mention'],False
2019,Progressive Wasserstein Barycenters of Persistence Diagrams,['HM'],['Honorable Mention'],True
2019,Toward Localized Topological Data Structures: Querying the Forest for the Tree,['HM'],['Honorable Mention'],False
2019,NNVA: Neural Network Assisted Visual Analysis of Yeast Cell Polarization Simulation,['HM'],['Honorable Mention'],False
2019,The Perceptual Proxies of Visual Comparison,['HM'],['Honorable Mention'],False
2019,InSituNet: Deep Image Synthesis for Parameter Space Exploration of Ensemble Simulations,['BP'],['Best Paper'],False
2019,Data Changes Everything: Challenges and Opportunities in Data Visualization Design Handoff,['BP'],['Best Paper'],False
2019,Supporting Analysis of Dimensionality Reduction Results with Contrastive Learning,['HM'],['Honorable Mention'],False
2019,FlowSense: A Natural Language Interface for Visual Data Exploration within a Dataflow System,['BP'],['Best Paper'],False
2018,TPFlow: Progressive Partition and Multidimensional Pattern Extraction for Large-Scale Spatio-Temporal Data Analysis,['BP'],['Best Paper'],False
2018,Firefly: Virtual Illumination Drones for Interactive Visualization,['HM'],['Honorable Mention'],False
2018,Deadeye: A Novel Preattentive Visualization Technique Based on Dichoptic Presentation,['BP'],['Best Paper'],False
2018,Labels on Levels: Labeling of Multi-Scale Multi-Instance and Crowded 3D Biological Environments,['HM'],['Honorable Mention'],False
2018,Design Exposition with Literate Visualization,['HM'],['Honorable Mention'],False
2018,A Visual Analytics Framework for the Detection of Anomalous Call Stack Trees in High Performance Computing Applications,['HM'],['Honorable Mention'],False
2018,Mapping Color to Meaning in Colormap Data Visualizations,['HM'],['Honorable Mention'],False
2018,Charticulator: Interactive Construction of Bespoke Chart Layouts,['HM'],['Honorable Mention'],False
2018,DQNViz: A Visual Analytics Approach to Understand Deep Q-Networks,['HM'],['Honorable Mention'],False
2018,Seq2Seq-Vis: A Visual Debugging Tool for Sequence-to-Sequence Models,['HM'],['Honorable Mention'],False
2018,Formalizing Visualization Design Knowledge as Constraints: Actionable and Extensible Models in Draco,['BP'],['Best Paper'],False
2017,Bridging from Goals to Tasks with Design Study Analysis Reports,['HM'],['Honorable Mention'],False
2017,Globe Browsing: Contextualized Spatio-Temporal Planetary Surface Visualization,['BP'],['Best Paper'],False
2017,Instant Construction and Visualization of Crowded Biological Environments,['HM'],['Honorable Mention'],False
2017,Supporting Handoff in Asynchronous Collaborative Sensemaking Using Knowledge-Transfer Graphs,['HM'],['Honorable Mention'],False
2017,Progressive Learning of Topic Modeling Parameters: A Visual Analytics Framework,['HM'],['Honorable Mention'],False
2017,"Keeping Multiple Views Consistent: Constraints, Validations, and Exceptions in Visualization Authoring",['HM'],['Honorable Mention'],False
2017,Modeling Color Difference for Visualization Design,['BP'],['Best Paper'],False
2017,The Topology ToolKit,['HM'],['Honorable Mention'],False
2017,Visualizing Dataflow Graphs of Deep Learning Models in TensorFlow,['BP'],['Best Paper'],False
2016,In Situ Distribution Guided Analysis and Visualization of Transonic Jet Engine Simulations,['HM'],['Honorable Mention'],False
2016,A Visual Analytics Approach for Categorical Joint Distribution Reconstruction from Marginal Projections,['HM'],['Honorable Mention'],False
2016,Correlated Photon Mapping for Interactive Global Illumination of Time-Varying Volumetric Data,['HM'],['Honorable Mention'],False
2016,Jacobi Fiber Surfaces for Bivariate Reeb Space Computation,['BP'],['Best Paper'],False
2016,Map LineUps: Effects of spatial structure on graphical inference,['HM'],['Honorable Mention'],False
2016,An Analysis of Machine- and Human-Analytics in Classification,['BP'],['Best Paper'],False
2016,Vega-Lite: A Grammar of Interactive Graphics,['BP'],['Best Paper'],False
2016,Many-to-Many Geographically-Embedded Flow Visualisation: An Evaluation,['HM'],['Honorable Mention'],False
2016,ViDX: Visual Diagnostics of Assembly Line Performance in Smart Factories,['HM'],['Honorable Mention'],False
2016,The Attraction Effect in Information Visualization,['HM'],['Honorable Mention'],False
2015,HOLA: Human-like Orthogonal Network Layout,['BP'],['Best Paper'],False
2015,Reducing Snapshots to Points: A Visual Analytics Approach to Dynamic Network Exploration,['BP'],['Best Paper'],False
2015,Beyond Weber's Law: A Second Look at Ranking Visualizations of Correlation,['HM'],['Honorable Mention'],False
2015,VA2: A Visual Analytics Approach for Evaluating Visual Analytics Applications,['HM'],['Honorable Mention'],False
2015,A Case Study Using Visualization Interaction Logs and Insight Metrics to Understand How Analysts Arrive at Insights,['HM'],['Honorable Mention'],False
2015,Rotation Invariant Vortices for Flow Visualization,['HM'],['Honorable Mention'],False
2015,Visualization-by-Sketching: An Artist's Interface for Creating Multivariate Time-Varying Data Visualizations,['BP'],['Best Paper'],False
2014,"Domino: Extracting, Comparing, and Manipulating Subsets Across Multiple Tabular Datasets",['HM'],['Honorable Mention'],False
2014,LoyalTracker: Visualizing Loyalty Dynamics in Search Engines,['HM'],['Honorable Mention'],False
2014,Supporting Communication and Coordination in Collaborative Sensemaking,['BP'],['Best Paper'],False
2014,Visualization of Brain Microstructure Through Spherical Harmonics Illumination of High Fidelity Spatio-Angular Fields,['BP'],['Best Paper'],False
2014,A Robust Parity Test for Extracting Parallel Vectors in 3D,['HM'],['Honorable Mention'],False
2014,NeuroLines: A Subway Map Metaphor for Visualizing Nanoscale Neuronal Connectivity,['HM'],['Honorable Mention'],False
2014,#FluxFlow: Visual Analysis of Anomalous Information Spreading on Social Media,['HM'],['Honorable Mention'],False
2014,An Algebraic Process for Visualization Design,['HM'],['Honorable Mention'],False
2014,Multivariate Network Exploration and Presentation: From Detail to Overview via Selections and Aggregations,['BP'],['Best Paper'],False
2014,Knowledge Generation Model for Visual Analytics,['TT'],['Test of Time'],False
2014,UpSet: Visualization of Intersecting Sets,['TT'],['Test of Time'],False
2014,City Forensics: Using Visual Elements to Predict Non-Visual City Attributes,['HM'],['Honorable Mention'],False
2013,Explainers: Expert Explorations with Crafted Projections,['HM'],['Honorable Mention'],False
2013,Adaptive Refinement of the Flow Map Using Sparse Samples,['HM'],['Honorable Mention'],False
2013,Ambient Volume Scattering,['HM'],['Honorable Mention'],False
2013,Design by Dragging: An Interface for Creative Forward and Inverse Design with Simulation Ensembles,['HM'],['Honorable Mention'],False
2013,Comparative Visual Analysis of Lagrangian Transport in CFD Ensembles,['BP'],['Best Paper'],False
2013,A Partition-Based Framework for Building and Validating Regression Models,['BP'],['Best Paper'],False
2013,SoccerStories: A Kick-off for Visual Soccer Analysis,['HM'],['Honorable Mention'],False
2013,Nanocubes for Real-Time Exploration of Spatiotemporal Datasets,['HM'],['Honorable Mention'],False
2013,Temporal Event Sequence Simplification,['HM'],['Honorable Mention'],False
2013,LineUp: Visual Analysis of Multi-Attribute Rankings,['BP'],['Best Paper'],False
2013,Visual Exploration of Big Spatio-Temporal Urban Data: A Study of New York City Taxi Trips,['TT'],['Test of Time'],False
2013,A Multi-Level Typology of Abstract Visualization Tasks,['TT'],['Test of Time'],False
2012,How Capacity Limits of Attention Influence Information Visualization Effectiveness,['BP'],['Best Paper'],False
2012,Reinventing the Contingency Wheel: Scalable Visual Analytics of Large Categorical Data,['HM'],['Honorable Mention'],False
2012,Efficient Structure-Aware Selection Techniques for 3D Point Cloud Visualizations with 2DOF Input,['TT'],['Test of Time'],False
2012,Hierarchical Exploration of Volumes Using Multilevel Segmentation of the Intensity-Gradient Histograms,['BP'],['Best Paper'],False
2012,Interactive Volume Exploration of Petascale Microscopy Data Streams Using a Visualization-Driven Virtual Memory Approach,['HM'],['Honorable Mention'],False
2012,Design Study Methodology: Reflections from the Trenches and the Stacks,['HM'],['Honorable Mention'],False
2012,Assessing the Effect of Visualizations on Bayesian Reasoning through Crowdsourcing,['HM'],['Honorable Mention'],False
2012,Visual Analytics Methodology for Eye Movement Studies,['BP'],['Best Paper'],False
2012,Visual Semiotics & Uncertainty Visualization: An Empirical Study,['HM'],['Honorable Mention'],False
2012,Enterprise Data Analysis and Visualization: An Interview Study,['HM'],['Honorable Mention'],False
2011,Voronoi-Based Extraction and Visualization of Molecular Paths,['HM'],['Honorable Mention'],False
2011,Artificial Defocus for Displaying Markers in Microscopy Z-Stacks,['HM'],['Honorable Mention'],False
2011,Towards Robust Topology of Sparsely Sampled Data,['BP'],['Best Paper'],False
2011,Visual social network analytics for relationship discovery in the enterprise,['HM'],['Honorable Mention'],False
2011,Saliency-Assisted Navigation of Very Large Landscape Images,['HM'],['Honorable Mention'],False
2011,Network-based visual analysis of tabular data,['HM'],['Honorable Mention'],False
2011,How locus of control influences compatibility with visualization style,['HM'],['Honorable Mention'],False
2011,Tuner: Principled Parameter finding for Image Segmentation Algorithms Using Visual Response Surface Exploration,['TT'],['Test of Time'],False
2011,From movement tracks through events to places: Extracting and characterizing significant places from mobility data,['BP'],['Best Paper'],False
2011,Context-Preserving Visual Links,['BP'],['Best Paper'],False
2011,D³ Data-Driven Documents,['TT'],['Test of Time'],False
2011,Benefitting InfoVis with Visual Difficulties,['HM'],['Honorable Mention'],False
2011,Local Affine Multidimensional Projection,['HM'],['Honorable Mention'],False
2011,SensePlace2: GeoTwitter analytics support for situational awareness,['TT'],['Test of Time'],False
2010,Visual readability analysis: How to make your writings easier to read,['BP'],['Best Paper'],False
2010,Discovering bits of place histories from people's activity traces,['HM'],['Honorable Mention'],False
2010,Illustrative Stream Surfaces,['HM'],['Honorable Mention'],False
2010,Rethinking Map Legends with Visualization,['HM'],['Honorable Mention'],False
2010,Necklace Maps,['HM'],['Honorable Mention'],False
2010,SignalLens: Focus+Context Applied to Electronic Time Series,['HM'],['Honorable Mention'],False
2010,Streak Lines as Tangent Curves of a Derived Vector field,['BP'],['Best Paper'],False
2010,An exploratory study of co-located collaborative visual analytics around a tabletop display,['HM'],['Honorable Mention'],False
2010,Perceptual Guidelines for Creating Rectangular Treemaps,['HM'],['Honorable Mention'],False
2010,Declarative Language Design for Interactive Visualization,['HM'],['Honorable Mention'],False
2010,World Lines,['HM'],['Honorable Mention'],False
2010,Graphical inference for infovis,['BP'],['Best Paper'],False
2010,iVisClassifier: An interactive visual analytics system for classification based on supervised dimension reduction,['TT'],['Test of Time'],False
2010,An Information-theoretic Framework for Visualization,['TT'],['Test of Time'],False
2010,Narrative Visualization: Telling Stories with Data,['TT'],['Test of Time'],False
2009,SellTrend: Inter-Attribute Visual Analysis of Temporal Transaction Data,['HM'],['Honorable Mention'],False
2009,Iterative integration of visual insights during patent search and analysis,['BP'],['Best Paper'],False
2009,Perception-Based Transparency Optimization for Direct Volume Rendering,['HM'],['Honorable Mention'],False
2009,Configuring Hierarchical Layouts to Address Research Questions,['HM'],['Honorable Mention'],False
2009,Interaction Techniques for Selecting and Manipulating Subgraphs in Network Visualizations,['HM'],['Honorable Mention'],False
2009,ABySS-Explorer: Visualizing Genome Sequence Assemblies,['BP'],['Best Paper'],False
2009,Markerless View-Independent Registration of Multiple Distorted Projectors on Extruded Surfaces Using an Uncalibrated Camera,['HM'],['Honorable Mention'],False
2009,Interactive Visualization of Molecular Surface Dynamics,['HM'],['Honorable Mention'],False
2009,Mapping Text with Phrase Nets,['BP'],['Best Paper'],False
2009,MizBee: A Multiscale Synteny Browser,['HM'],['Honorable Mention'],False
2009,Parallel Tag Clouds to explore and analyze faceted text corpora,['TT'],['Test of Time'],False
2009,A Nested Model for Visualization Design and Validation,['TT'],['Test of Time'],False
2009,Depth-Dependent Halos: Illustrative Rendering of Dense Line Data,"['TT', 'BP']","['Test of Time', 'Best Paper']",False
2008,Rolling the Dice: Multidimensional Visual Exploration using Scatterplot Matrix Navigation,['BP'],['Best Paper'],False
2008,Effectiveness of Animation in Trend Visualization,['TT'],['Test of Time'],False
2008,Stacked Graphs - Geometry & Aesthetics,['HM'],['Honorable Mention'],False
2008,Estimating Crossing fibers: A Tensor Decomposition Approach,['BP'],['Best Paper'],False
2008,A Framework of Interaction Costs in Information Visualization,['HM'],['Honorable Mention'],False
2008,The Shaping of Information by Visual Metaphors,['HM'],['Honorable Mention'],False
2008,Entity-based collaboration tools for intelligence analysis,['BP'],['Best Paper'],False
2008,Interactive Blood Damage Analysis for Ventricular Assist Devices,['BA'],['Best Application Paper'],False
2007,High-Quality Multimodal Volume Rendering for Preoperative Planning of Neurosurgical Interventions,['BA'],['Best Application Paper'],False
2007,Visualizing the History of Living Spaces,['BP'],['Best Paper'],False
2007,Querying and Creating Visualizations by Analogy,['BP'],['Best Paper'],False
2007,Jigsaw: Supporting Investigative Analysis through Interactive Visualization,['TT'],['Test of Time'],False
2007,ManyEyes: a Site for Visualization at Internet Scale,['TT'],['Test of Time'],False
2006,Hierarchical Edge Bundles: Visualization of Adjacency Relations in Hierarchical Data,"['TT', 'BP']","['Test of Time', 'Best Paper']",False
2006,Ambient Occlusion and Edge Cueing for Enhancing Real Time Molecular Visualization,['TT'],['Test of Time'],False
2006,Understanding the Structure of the Turbulent Mixing Layer in Hydrodynamic Instabilities,['BA'],['Best Application Paper'],False
2006,A Visual Interface for Multivariate Temporal Data: Finding Patterns of Events across Multiple Histories,['TT'],['Test of Time'],False
2006,On Histograms and Isosurface Statistics,['BP'],['Best Paper'],False
2005,Dig-CoLa: directed graph layout through constrained energy minimization,['BP'],['Best Paper'],False
2005,High dynamic range volume visualization,['BA'],['Best Application Paper'],False
2005,The value of visualization,"['TT', 'BP']","['Test of Time', 'Best Paper']",False
2004,A Comparison of the Readability of Graphs Using Node-Link and Matrix-Based Representations,['TT'],['Test of Time'],False
2004,Simplifying flexible isosurfaces using local geometric measures,['TT'],['Test of Time'],False
2004,A Knowledge Task-Based Framework for Design and Evaluation of Information Visualizations,['BP'],['Best Paper'],False
2004,STEPS - an application for simulation of transsphenoidal endonasal pituitary surgery,['BA'],['Best Application Paper'],False
2004,Adaptive 4-8 texture hierarchies,['BP'],['Best Paper'],False
2003,Interactive protein manipulation,['BA'],['Best Application Paper'],False
2003,Counting cases in marching cubes: toward a generic algorithm for producing substitopes,['BP'],['Best Paper'],False
2003,"Interactive hierarchical dimension ordering, spacing and filtering for exploration of high dimensional datasets",['TT'],['Test of Time'],False
2003,Smooth and efficient zooming and panning,['BP'],['Best Paper'],False
2003,Acceleration techniques for GPU-based volume rendering,['TT'],['Test of Time'],False
2002,Efficient computation of the topology of level sets,['TT'],['Test of Time'],False
2002,Non-photorealistic volume rendering using stippling techniques,['BP'],['Best Paper'],False
2002,Multiscale visualization using data cubes,['BP'],['Best Paper'],False
2001,Interactive volume rendering using multi-dimensional transfer functions and direct manipulation widgets,['BP'],['Best Paper'],False
2000,Volume illustration: non-photorealistic rendering of volume models,['BP'],['Best Paper'],False
2000,"Polaris: a system for query, analysis and visualization of multi-dimensional relational databases",['TT'],['Test of Time'],False
1999,Cluster and calendar based visualization of time series data,['TT'],['Test of Time'],False
1999,Hue-balls and lit-tensors for direct volume rendering of diffusion tensor fields,['BP'],['Best Paper'],False
1999,Hierarchical parallel coordinates for exploration of large datasets,['TT'],['Test of Time'],False
1998,Smooth view-dependent level-of-detail control and its application to terrain rendering,['TT'],['Test of Time'],False
1998,Interactive ray tracing for isosurface rendering,['BP'],['Best Paper'],False
1998,An operator interaction framework for visualization systems,['TT'],['Test of Time'],False
1998,Production visualization for the ASCI One TeraFLOPS machine,['BCS'],['Best Case Study'],False
1997,An anti-aliasing technique for splatting,['BP'],['Best Paper'],False
1997,Vortex identification-applications in aerodynamics: a case study,['BCS'],['Best Case Study'],False
1997,The structure of the information visualization design space,['TT'],['Test of Time'],False
1996,The Design and Implementation of an Object-Oriented Toolkit for 3D Graphics and Visualization,['TT'],['Test of Time'],False
1996,Interactive visualization of 3D-vector fields using illuminated stream lines,['BP'],['Best Paper'],False
1996,Visage: a user interface environment for exploring information,['TT'],['Test of Time'],False
1996,Flow visualization for turbomachinery design,['BCS'],['Best Case Study'],False
1995,Visualizing the non-visual: spatial analysis and interaction with information from text documents,['TT'],['Test of Time'],False
1994,An evaluation of reconstruction filters for volume rendering,['TT'],['Test of Time'],False
1994,"The topology of symmetric, second-order tensor fields",['BP'],['Best Paper'],False
1994,Visualizing flow over curvilinear grid surfaces using line integral convolution,['BP'],['Best Paper'],False
1994,Visualization of 3D ultrasonic data,['BCS'],['Best Case Study'],False
1993,Texture splats for 3D scalar and vector field visualization,"['TT', 'BP']","['Test of Time', 'Best Paper']",False
1993,Enhancing reality in the operating room,['BCS'],['Best Case Study'],False
1993,Geometric clipping using Boolean textures,['BP'],['Best Paper'],False
1992,Visualization of second order tensor fields and matrix data,"['TT', 'BP']","['Test of Time', 'Best Paper']",False
1991,The virtual windtunnel: An environment for the exploration of three-dimensional unsteady flows,['BP'],['Best Paper'],False
1990,Surface representations of two- and three-dimensional fluid flow topology,['BP'],['Best Paper'],False
